[2026-03-07 22:13:43] Please ask your administrator.
[2026-03-07 22:13:51] WS5-3                       Sat Mar  7 22:13:51 2026  570.211.01
[2026-03-07 22:13:51] [0] NVIDIA GeForce RTX 3090 | 59°C,  25 % |   374 / 24576 MB | ubuntu-user(138M) ubuntu-user(25M) ubuntu-user(33M) ubuntu-user(147M)
[2026-03-07 22:13:52] WS5-3                       Sat Mar  7 22:13:52 2026  570.211.01
[2026-03-07 22:13:52] [0] NVIDIA GeForce RTX 3090 | 59°C,  30 % |   373 / 24576 MB | ubuntu-user(138M) ubuntu-user(25M) ubuntu-user(33M) ubuntu-user(146M)
[2026-03-07 22:13:53] WS5-3                       Sat Mar  7 22:13:53 2026  570.211.01
[2026-03-07 22:13:53] [0] NVIDIA GeForce RTX 3090 | 59°C,  31 % |   375 / 24576 MB | ubuntu-user(138M) ubuntu-user(25M) ubuntu-user(33M) ubuntu-user(148M)
[2026-03-07 22:13:54] WS5-3                       Sat Mar  7 22:13:54 2026  570.211.01
[2026-03-07 22:13:54] [0] NVIDIA GeForce RTX 3090 | 59°C,  30 % |   371 / 24576 MB | ubuntu-user(138M) ubuntu-user(25M) ubuntu-user(33M) ubuntu-user(145M)
[2026-03-07 22:13:55] WS5-3                       Sat Mar  7 22:13:55 2026  570.211.01
[2026-03-07 22:13:55] [0] NVIDIA GeForce RTX 3090 | 59°C,  30 % |   358 / 24576 MB | ubuntu-user(138M) ubuntu-user(25M) ubuntu-user(33M) ubuntu-user(131M)
[2026-03-07 22:13:56] WS5-3                       Sat Mar  7 22:13:56 2026  570.211.01
[2026-03-07 22:13:56] [0] NVIDIA GeForce RTX 3090 | 59°C,  29 % |   359 / 24576 MB | ubuntu-user(138M) ubuntu-user(25M) ubuntu-user(33M) ubuntu-user(132M)
[2026-03-07 22:13:57] WS5-3                       Sat Mar  7 22:13:57 2026  570.211.01
[2026-03-07 22:13:57] [0] NVIDIA GeForce RTX 3090 | 59°C,  29 % |   375 / 24576 MB | ubuntu-user(138M) ubuntu-user(25M) ubuntu-user(33M) ubuntu-user(149M)
[2026-03-07 22:13:58] WS5-3                       Sat Mar  7 22:13:58 2026  570.211.01
[2026-03-07 22:13:58] [0] NVIDIA GeForce RTX 3090 | 59°C,  29 % |   375 / 24576 MB | ubuntu-user(138M) ubuntu-user(25M) ubuntu-user(33M) ubuntu-user(148M)
[2026-03-07 22:13:59] WS5-3                       Sat Mar  7 22:13:59 2026  570.211.01
[2026-03-07 22:13:59] [0] NVIDIA GeForce RTX 3090 | 58°C,  33 % |   374 / 24576 MB | ubuntu-user(138M) ubuntu-user(25M) ubuntu-user(33M) ubuntu-user(148M)
[2026-03-07 22:14:00] WS5-3                       Sat Mar  7 22:14:00 2026  570.211.01
[2026-03-07 22:14:00] [0] NVIDIA GeForce RTX 3090 | 58°C,  28 % |   374 / 24576 MB | ubuntu-user(138M) ubuntu-user(25M) ubuntu-user(33M) ubuntu-user(147M)
[2026-03-07 22:14:01] WS5-3                       Sat Mar  7 22:14:01 2026  570.211.01
[2026-03-07 22:14:01] [0] NVIDIA GeForce RTX 3090 | 59°C,  33 % |   372 / 24576 MB | ubuntu-user(138M) ubuntu-user(25M) ubuntu-user(33M) ubuntu-user(145M)
[2026-03-07 22:14:02] WS5-3                       Sat Mar  7 22:14:02 2026  570.211.01
[2026-03-07 22:14:02] [0] NVIDIA GeForce RTX 3090 | 58°C,  30 % |   355 / 24576 MB | ubuntu-user(138M) ubuntu-user(25M) ubuntu-user(33M) ubuntu-user(129M)
[2026-03-07 22:14:03] WS5-3                       Sat Mar  7 22:14:03 2026  570.211.01
[2026-03-07 22:14:03] [0] NVIDIA GeForce RTX 3090 | 58°C,   4 % |   363 / 24576 MB | ubuntu-user(138M) ubuntu-user(25M) ubuntu-user(33M) ubuntu-user(137M)
[2026-03-07 22:14:04] WS5-3                       Sat Mar  7 22:14:04 2026  570.211.01
[2026-03-07 22:14:04] [0] NVIDIA GeForce RTX 3090 | 58°C,  25 % |   392 / 24576 MB | ubuntu-user(138M) ubuntu-user(25M) ubuntu-user(33M) ubuntu-user(165M)
[2026-03-07 22:14:05] WS5-3                       Sat Mar  7 22:14:05 2026  570.211.01
[2026-03-07 22:14:05] [0] NVIDIA GeForce RTX 3090 | 58°C,  24 % |   393 / 24576 MB | ubuntu-user(138M) ubuntu-user(25M) ubuntu-user(33M) ubuntu-user(166M)
[2026-03-07 22:14:06] WS5-3                       Sat Mar  7 22:14:06 2026  570.211.01
[2026-03-07 22:14:06] [0] NVIDIA GeForce RTX 3090 | 58°C,  33 % |   391 / 24576 MB | ubuntu-user(138M) ubuntu-user(25M) ubuntu-user(33M) ubuntu-user(164M)
[2026-03-07 22:14:07] WS5-3                       Sat Mar  7 22:14:07 2026  570.211.01
[2026-03-07 22:14:07] [0] NVIDIA GeForce RTX 3090 | 58°C,  29 % |   390 / 24576 MB | ubuntu-user(138M) ubuntu-user(25M) ubuntu-user(33M) ubuntu-user(164M)
[2026-03-07 22:14:08] WS5-3                       Sat Mar  7 22:14:08 2026  570.211.01
[2026-03-07 22:14:08] [0] NVIDIA GeForce RTX 3090 | 58°C,  29 % |   379 / 24576 MB | ubuntu-user(138M) ubuntu-user(25M) ubuntu-user(33M) ubuntu-user(152M)
[2026-03-07 22:14:09] WS5-3                       Sat Mar  7 22:14:09 2026  570.211.01
[2026-03-07 22:14:09] [0] NVIDIA GeForce RTX 3090 | 58°C,  28 % |   358 / 24576 MB | ubuntu-user(138M) ubuntu-user(25M) ubuntu-user(33M) ubuntu-user(131M)
[2026-03-07 22:14:10] WS5-3                       Sat Mar  7 22:14:10 2026  570.211.01
[2026-03-07 22:14:10] [0] NVIDIA GeForce RTX 3090 | 58°C,  28 % |   358 / 24576 MB | ubuntu-user(138M) ubuntu-user(25M) ubuntu-user(33M) ubuntu-user(131M)
[2026-03-07 22:14:11] WS5-3                       Sat Mar  7 22:14:11 2026  570.211.01
[2026-03-07 22:14:11] [0] NVIDIA GeForce RTX 3090 | 58°C,  28 % |   364 / 24576 MB | ubuntu-user(138M) ubuntu-user(25M) ubuntu-user(33M) ubuntu-user(137M)
[2026-03-07 22:14:12] WS5-3                       Sat Mar  7 22:14:12 2026  570.211.01
[2026-03-07 22:14:12] [0] NVIDIA GeForce RTX 3090 | 58°C,  28 % |   364 / 24576 MB | ubuntu-user(138M) ubuntu-user(25M) ubuntu-user(33M) ubuntu-user(137M)
[2026-03-07 22:14:13] WS5-3                       Sat Mar  7 22:14:13 2026  570.211.01
[2026-03-07 22:14:13] [0] NVIDIA GeForce RTX 3090 | 58°C,  27 % |   363 / 24576 MB | ubuntu-user(138M) ubuntu-user(25M) ubuntu-user(33M) ubuntu-user(137M)
[2026-03-07 22:14:14] WS5-3                       Sat Mar  7 22:14:14 2026  570.211.01
[2026-03-07 22:14:14] [0] NVIDIA GeForce RTX 3090 | 58°C,  30 % |   363 / 24576 MB | ubuntu-user(138M) ubuntu-user(25M) ubuntu-user(33M) ubuntu-user(136M)
[2026-03-07 22:14:15] WS5-3                       Sat Mar  7 22:14:15 2026  570.211.01
[2026-03-07 22:14:15] [0] NVIDIA GeForce RTX 3090 | 58°C,  28 % |   363 / 24576 MB | ubuntu-user(138M) ubuntu-user(25M) ubuntu-user(33M) ubuntu-user(136M)
[2026-03-07 22:14:16] WS5-3                       Sat Mar  7 22:14:16 2026  570.211.01
[2026-03-07 22:14:16] [0] NVIDIA GeForce RTX 3090 | 58°C,  30 % |   354 / 24576 MB | ubuntu-user(138M) ubuntu-user(25M) ubuntu-user(33M) ubuntu-user(127M)
[2026-03-07 22:14:17] WS5-3                       Sat Mar  7 22:14:17 2026  570.211.01
[2026-03-07 22:14:17] [0] NVIDIA GeForce RTX 3090 | 58°C,  27 % |   366 / 24576 MB | ubuntu-user(138M) ubuntu-user(25M) ubuntu-user(33M) ubuntu-user(139M)
[2026-03-07 22:14:18] WS5-3                       Sat Mar  7 22:14:18 2026  570.211.01
[2026-03-07 22:14:18] [0] NVIDIA GeForce RTX 3090 | 58°C,  27 % |   387 / 24576 MB | ubuntu-user(138M) ubuntu-user(25M) ubuntu-user(33M) ubuntu-user(160M)
[2026-03-07 22:14:19] WS5-3                       Sat Mar  7 22:14:19 2026  570.211.01
[2026-03-07 22:14:19] [0] NVIDIA GeForce RTX 3090 | 58°C,  26 % |   387 / 24576 MB | ubuntu-user(138M) ubuntu-user(25M) ubuntu-user(33M) ubuntu-user(160M)
[2026-03-07 22:14:20] WS5-3                       Sat Mar  7 22:14:20 2026  570.211.01
[2026-03-07 22:14:20] [0] NVIDIA GeForce RTX 3090 | 58°C,  27 % |   386 / 24576 MB | ubuntu-user(138M) ubuntu-user(25M) ubuntu-user(33M) ubuntu-user(159M)
[2026-03-07 22:14:21] WS5-3                       Sat Mar  7 22:14:21 2026  570.211.01
[2026-03-07 22:14:21] [0] NVIDIA GeForce RTX 3090 | 58°C,  28 % |   386 / 24576 MB | ubuntu-user(138M) ubuntu-user(25M) ubuntu-user(33M) ubuntu-user(159M)
[2026-03-07 22:14:22] WS5-3                       Sat Mar  7 22:14:22 2026  570.211.01
[2026-03-07 22:14:22] [0] NVIDIA GeForce RTX 3090 | 57°C,  28 % |   382 / 24576 MB | ubuntu-user(138M) ubuntu-user(25M) ubuntu-user(33M) ubuntu-user(155M)
[2026-03-07 22:14:23] WS5-3                       Sat Mar  7 22:14:23 2026  570.211.01
[2026-03-07 22:14:23] [0] NVIDIA GeForce RTX 3090 | 57°C,  28 % |   366 / 24576 MB | ubuntu-user(138M) ubuntu-user(25M) ubuntu-user(33M) ubuntu-user(139M)
[2026-03-07 22:14:24] WS5-3                       Sat Mar  7 22:14:24 2026  570.211.01
[2026-03-07 22:14:24] [0] NVIDIA GeForce RTX 3090 | 57°C,  14 % |   366 / 24576 MB | ubuntu-user(138M) ubuntu-user(25M) ubuntu-user(33M) ubuntu-user(139M)
[2026-03-07 22:14:25] WS5-3                       Sat Mar  7 22:14:25 2026  570.211.01
[2026-03-07 22:14:25] [0] NVIDIA GeForce RTX 3090 | 57°C,   1 % |   370 / 24576 MB | ubuntu-user(138M) ubuntu-user(25M) ubuntu-user(33M) ubuntu-user(143M)
[2026-03-07 22:14:26] WS5-3                       Sat Mar  7 22:14:26 2026  570.211.01
[2026-03-07 22:14:26] [0] NVIDIA GeForce RTX 3090 | 56°C,   5 % |   370 / 24576 MB | ubuntu-user(138M) ubuntu-user(25M) ubuntu-user(33M) ubuntu-user(143M)
[2026-03-07 22:14:27] WS5-3                       Sat Mar  7 22:14:27 2026  570.211.01
[2026-03-07 22:14:27] [0] NVIDIA GeForce RTX 3090 | 57°C,   4 % |   369 / 24576 MB | ubuntu-user(138M) ubuntu-user(25M) ubuntu-user(33M) ubuntu-user(142M)
[2026-03-07 22:14:28] WS5-3                       Sat Mar  7 22:14:28 2026  570.211.01
[2026-03-07 22:14:28] [0] NVIDIA GeForce RTX 3090 | 56°C,   0 % |   368 / 24576 MB | ubuntu-user(138M) ubuntu-user(25M) ubuntu-user(33M) ubuntu-user(141M)
[2026-03-07 22:14:29] WS5-3                       Sat Mar  7 22:14:29 2026  570.211.01
[2026-03-07 22:14:29] [0] NVIDIA GeForce RTX 3090 | 56°C,  10 % |   370 / 24576 MB | ubuntu-user(138M) ubuntu-user(25M) ubuntu-user(33M) ubuntu-user(143M)
[2026-03-07 22:14:30] WS5-3                       Sat Mar  7 22:14:30 2026  570.211.01
[2026-03-07 22:14:30] [0] NVIDIA GeForce RTX 3090 | 57°C,  30 % |   396 / 24576 MB | ubuntu-user(138M) ubuntu-user(25M) ubuntu-user(33M) ubuntu-user(167M)
[2026-03-07 22:14:31] WS5-3                       Sat Mar  7 22:14:31 2026  570.211.01
[2026-03-07 22:14:31] [0] NVIDIA GeForce RTX 3090 | 57°C,  27 % |   403 / 24576 MB | ubuntu-user(138M) ubuntu-user(25M) ubuntu-user(33M) ubuntu-user(177M)
[2026-03-07 22:14:32] WS5-3                       Sat Mar  7 22:14:32 2026  570.211.01
[2026-03-07 22:14:32] [0] NVIDIA GeForce RTX 3090 | 57°C,  26 % |   399 / 24576 MB | ubuntu-user(138M) ubuntu-user(25M) ubuntu-user(33M) ubuntu-user(172M)
[2026-03-07 22:14:33] WS5-3                       Sat Mar  7 22:14:33 2026  570.211.01
[2026-03-07 22:14:33] [0] NVIDIA GeForce RTX 3090 | 57°C,  14 % |   399 / 24576 MB | ubuntu-user(138M) ubuntu-user(25M) ubuntu-user(33M) ubuntu-user(169M)
[2026-03-07 22:14:34] WS5-3                       Sat Mar  7 22:14:34 2026  570.211.01
[2026-03-07 22:14:34] [0] NVIDIA GeForce RTX 3090 | 57°C,  13 % |   397 / 24576 MB | ubuntu-user(138M) ubuntu-user(25M) ubuntu-user(33M) ubuntu-user(171M)
[2026-03-07 22:14:35] WS5-3                       Sat Mar  7 22:14:35 2026  570.211.01
[2026-03-07 22:14:35] [0] NVIDIA GeForce RTX 3090 | 57°C,  28 % |   388 / 24576 MB | ubuntu-user(138M) ubuntu-user(25M) ubuntu-user(33M) ubuntu-user(161M)
[2026-03-07 22:14:36] WS5-3                       Sat Mar  7 22:14:36 2026  570.211.01
[2026-03-07 22:14:36] [0] NVIDIA GeForce RTX 3090 | 57°C,  23 % |   376 / 24576 MB | ubuntu-user(138M) ubuntu-user(25M) ubuntu-user(33M) ubuntu-user(149M)
[2026-03-07 22:14:37] WS5-3                       Sat Mar  7 22:14:37 2026  570.211.01
[2026-03-07 22:14:37] [0] NVIDIA GeForce RTX 3090 | 57°C,  26 % |   370 / 24576 MB | ubuntu-user(138M) ubuntu-user(25M) ubuntu-user(33M) ubuntu-user(143M)
[2026-03-07 22:14:38] WS5-3                       Sat Mar  7 22:14:38 2026  570.211.01
[2026-03-07 22:14:38] [0] NVIDIA GeForce RTX 3090 | 57°C,  30 % |   370 / 24576 MB | ubuntu-user(138M) ubuntu-user(25M) ubuntu-user(33M) ubuntu-user(143M)
[2026-03-07 22:14:39] WS5-3                       Sat Mar  7 22:14:39 2026  570.211.01
[2026-03-07 22:14:39] [0] NVIDIA GeForce RTX 3090 | 57°C,  26 % |   366 / 24576 MB | ubuntu-user(138M) ubuntu-user(25M) ubuntu-user(33M) ubuntu-user(139M)
[2026-03-07 22:14:40] WS5-3                       Sat Mar  7 22:14:40 2026  570.211.01
[2026-03-07 22:14:40] [0] NVIDIA GeForce RTX 3090 | 57°C,  28 % |   370 / 24576 MB | ubuntu-user(138M) ubuntu-user(25M) ubuntu-user(33M) ubuntu-user(143M)
[2026-03-07 22:14:41] WS5-3                       Sat Mar  7 22:14:41 2026  570.211.01
[2026-03-07 22:14:41] [0] NVIDIA GeForce RTX 3090 | 57°C,  29 % |   380 / 24576 MB | ubuntu-user(138M) ubuntu-user(25M) ubuntu-user(33M) ubuntu-user(153M)
[2026-03-07 22:14:42] WS5-3                       Sat Mar  7 22:14:42 2026  570.211.01
[2026-03-07 22:14:42] [0] NVIDIA GeForce RTX 3090 | 57°C,  28 % |   379 / 24576 MB | ubuntu-user(138M) ubuntu-user(25M) ubuntu-user(33M) ubuntu-user(152M)
[2026-03-07 22:14:43] WS5-3                       Sat Mar  7 22:14:43 2026  570.211.01
[2026-03-07 22:14:43] [0] NVIDIA GeForce RTX 3090 | 57°C,  22 % |   380 / 24576 MB | ubuntu-user(138M) ubuntu-user(25M) ubuntu-user(33M) ubuntu-user(153M)
[2026-03-07 22:14:44] WS5-3                       Sat Mar  7 22:14:44 2026  570.211.01
[2026-03-07 22:14:44] [0] NVIDIA GeForce RTX 3090 | 57°C,  11 % |   380 / 24576 MB | ubuntu-user(138M) ubuntu-user(25M) ubuntu-user(33M) ubuntu-user(153M)
[2026-03-07 22:14:45] WS5-3                       Sat Mar  7 22:14:45 2026  570.211.01
[2026-03-07 22:14:45] [0] NVIDIA GeForce RTX 3090 | 56°C,  11 % |   379 / 24576 MB | ubuntu-user(138M) ubuntu-user(25M) ubuntu-user(33M) ubuntu-user(153M)
[2026-03-07 22:14:46] WS5-3                       Sat Mar  7 22:14:46 2026  570.211.01
[2026-03-07 22:14:46] [0] NVIDIA GeForce RTX 3090 | 57°C,   6 % |   373 / 24576 MB | ubuntu-user(138M) ubuntu-user(25M) ubuntu-user(33M) ubuntu-user(146M)
[2026-03-07 22:14:47] WS5-3                       Sat Mar  7 22:14:47 2026  570.211.01
[2026-03-07 22:14:47] [0] NVIDIA GeForce RTX 3090 | 59°C,   4 % |   385 / 24576 MB | ubuntu-user(138M) ubuntu-user(25M) ubuntu-user(33M) ubuntu-user(158M)
[2026-03-07 22:14:48] WS5-3                       Sat Mar  7 22:14:48 2026  570.211.01
[2026-03-07 22:14:48] [0] NVIDIA GeForce RTX 3090 | 58°C,   7 % |   383 / 24576 MB | ubuntu-user(138M) ubuntu-user(25M) ubuntu-user(33M) ubuntu-user(156M)
[2026-03-07 22:14:49] WS5-3                       Sat Mar  7 22:14:49 2026  570.211.01
[2026-03-07 22:14:49] [0] NVIDIA GeForce RTX 3090 | 57°C,  19 % |   397 / 24576 MB | ubuntu-user(138M) ubuntu-user(25M) ubuntu-user(33M) ubuntu-user(170M)
[2026-03-07 22:14:50] WS5-3                       Sat Mar  7 22:14:50 2026  570.211.01
[2026-03-07 22:14:50] [0] NVIDIA GeForce RTX 3090 | 56°C,  15 % |   399 / 24576 MB | ubuntu-user(138M) ubuntu-user(25M) ubuntu-user(33M) ubuntu-user(173M)
[2026-03-07 22:14:51] WS5-3                       Sat Mar  7 22:14:51 2026  570.211.01
[2026-03-07 22:14:51] [0] NVIDIA GeForce RTX 3090 | 57°C,  11 % |   399 / 24576 MB | ubuntu-user(138M) ubuntu-user(25M) ubuntu-user(33M) ubuntu-user(172M)
[2026-03-07 22:14:52] WS5-3                       Sat Mar  7 22:14:52 2026  570.211.01
[2026-03-07 22:14:52] [0] NVIDIA GeForce RTX 3090 | 56°C,   0 % |   396 / 24576 MB | ubuntu-user(138M) ubuntu-user(25M) ubuntu-user(33M) ubuntu-user(169M)
[2026-03-07 22:14:53] WS5-3                       Sat Mar  7 22:14:53 2026  570.211.01
[2026-03-07 22:14:53] [0] NVIDIA GeForce RTX 3090 | 56°C,   0 % |   392 / 24576 MB | ubuntu-user(138M) ubuntu-user(25M) ubuntu-user(33M) ubuntu-user(165M)
[2026-03-07 22:14:54] WS5-3                       Sat Mar  7 22:14:54 2026  570.211.01
[2026-03-07 22:14:54] [0] NVIDIA GeForce RTX 3090 | 56°C,   0 % |   392 / 24576 MB | ubuntu-user(138M) ubuntu-user(25M) ubuntu-user(33M) ubuntu-user(165M)
[2026-03-07 22:14:55] WS5-3                       Sat Mar  7 22:14:55 2026  570.211.01
[2026-03-07 22:14:55] [0] NVIDIA GeForce RTX 3090 | 56°C,   0 % |   379 / 24576 MB | ubuntu-user(138M) ubuntu-user(25M) ubuntu-user(33M) ubuntu-user(152M)
[2026-03-07 22:14:56] WS5-3                       Sat Mar  7 22:14:56 2026  570.211.01
[2026-03-07 22:14:56] [0] NVIDIA GeForce RTX 3090 | 55°C,   5 % |   379 / 24576 MB | ubuntu-user(138M) ubuntu-user(25M) ubuntu-user(33M) ubuntu-user(152M)
[2026-03-07 22:14:57] WS5-3                       Sat Mar  7 22:14:57 2026  570.211.01
[2026-03-07 22:14:57] [0] NVIDIA GeForce RTX 3090 | 55°C,   0 % |   378 / 24576 MB | ubuntu-user(138M) ubuntu-user(25M) ubuntu-user(33M) ubuntu-user(151M)
[2026-03-07 22:14:58] WS5-3                       Sat Mar  7 22:14:58 2026  570.211.01
[2026-03-07 22:14:58] [0] NVIDIA GeForce RTX 3090 | 55°C,   0 % |   376 / 24576 MB | ubuntu-user(138M) ubuntu-user(25M) ubuntu-user(33M) ubuntu-user(149M)
[2026-03-07 22:14:59] WS5-3                       Sat Mar  7 22:14:59 2026  570.211.01
[2026-03-07 22:14:59] [0] NVIDIA GeForce RTX 3090 | 56°C,  27 % |   383 / 24576 MB | ubuntu-user(138M) ubuntu-user(25M) ubuntu-user(33M) ubuntu-user(156M)
[2026-03-07 22:15:00] WS5-3                       Sat Mar  7 22:15:00 2026  570.211.01
[2026-03-07 22:15:00] [0] NVIDIA GeForce RTX 3090 | 55°C,   2 % |   383 / 24576 MB | ubuntu-user(138M) ubuntu-user(25M) ubuntu-user(33M) ubuntu-user(157M)
[2026-03-07 22:15:01] WS5-3                       Sat Mar  7 22:15:01 2026  570.211.01
[2026-03-07 22:15:01] [0] NVIDIA GeForce RTX 3090 | 55°C,   0 % |   381 / 24576 MB | ubuntu-user(138M) ubuntu-user(25M) ubuntu-user(33M) ubuntu-user(154M)
[2026-03-07 22:15:02] WS5-3                       Sat Mar  7 22:15:02 2026  570.211.01
[2026-03-07 22:15:02] [0] NVIDIA GeForce RTX 3090 | 55°C,   0 % |   379 / 24576 MB | ubuntu-user(138M) ubuntu-user(25M) ubuntu-user(33M) ubuntu-user(152M)
[2026-03-07 22:15:03] WS5-3                       Sat Mar  7 22:15:03 2026  570.211.01
[2026-03-07 22:15:03] [0] NVIDIA GeForce RTX 3090 | 55°C,   0 % |   379 / 24576 MB | ubuntu-user(138M) ubuntu-user(25M) ubuntu-user(33M) ubuntu-user(152M)
[2026-03-07 22:15:04] WS5-3                       Sat Mar  7 22:15:04 2026  570.211.01
[2026-03-07 22:15:04] [0] NVIDIA GeForce RTX 3090 | 56°C,  11 % |   381 / 24576 MB | ubuntu-user(138M) ubuntu-user(25M) ubuntu-user(33M) ubuntu-user(154M)
[2026-03-07 22:15:05] WS5-3                       Sat Mar  7 22:15:05 2026  570.211.01
[2026-03-07 22:15:05] [0] NVIDIA GeForce RTX 3090 | 56°C,  32 % |   382 / 24576 MB | ubuntu-user(138M) ubuntu-user(25M) ubuntu-user(33M) ubuntu-user(156M)
[2026-03-07 22:15:06] WS5-3                       Sat Mar  7 22:15:06 2026  570.211.01
[2026-03-07 22:15:06] [0] NVIDIA GeForce RTX 3090 | 55°C,   4 % |   399 / 24576 MB | ubuntu-user(138M) ubuntu-user(25M) ubuntu-user(33M) ubuntu-user(172M)
[2026-03-07 22:15:07] WS5-3                       Sat Mar  7 22:15:07 2026  570.211.01
[2026-03-07 22:15:07] [0] NVIDIA GeForce RTX 3090 | 55°C,   4 % |   395 / 24576 MB | ubuntu-user(138M) ubuntu-user(25M) ubuntu-user(33M) ubuntu-user(169M)
[2026-03-07 22:15:08] WS5-3                       Sat Mar  7 22:15:08 2026  570.211.01
[2026-03-07 22:15:08] [0] NVIDIA GeForce RTX 3090 | 56°C,  30 % |   397 / 24576 MB | ubuntu-user(138M) ubuntu-user(25M) ubuntu-user(33M) ubuntu-user(170M)
[2026-03-07 22:15:09] WS5-3                       Sat Mar  7 22:15:09 2026  570.211.01
[2026-03-07 22:15:09] [0] NVIDIA GeForce RTX 3090 | 56°C,  33 % |   397 / 24576 MB | ubuntu-user(138M) ubuntu-user(25M) ubuntu-user(33M) ubuntu-user(170M)
[2026-03-07 22:15:10] WS5-3                       Sat Mar  7 22:15:10 2026  570.211.01
[2026-03-07 22:15:10] [0] NVIDIA GeForce RTX 3090 | 56°C,  31 % |   395 / 24576 MB | ubuntu-user(138M) ubuntu-user(25M) ubuntu-user(33M) ubuntu-user(168M)
[2026-03-07 22:15:11] WS5-3                       Sat Mar  7 22:15:11 2026  570.211.01
[2026-03-07 22:15:11] [0] NVIDIA GeForce RTX 3090 | 56°C,  30 % |   381 / 24576 MB | ubuntu-user(138M) ubuntu-user(25M) ubuntu-user(33M) ubuntu-user(154M)
[2026-03-07 22:15:12] WS5-3                       Sat Mar  7 22:15:12 2026  570.211.01
[2026-03-07 22:15:12] [0] NVIDIA GeForce RTX 3090 | 56°C,  33 % |   381 / 24576 MB | ubuntu-user(138M) ubuntu-user(25M) ubuntu-user(33M) ubuntu-user(154M)
[2026-03-07 22:15:13] WS5-3                       Sat Mar  7 22:15:13 2026  570.211.01
[2026-03-07 22:15:13] [0] NVIDIA GeForce RTX 3090 | 55°C,   0 % |   383 / 24576 MB | ubuntu-user(138M) ubuntu-user(25M) ubuntu-user(33M) ubuntu-user(157M)
[2026-03-07 22:15:14] WS5-3                       Sat Mar  7 22:15:14 2026  570.211.01
[2026-03-07 22:15:14] [0] NVIDIA GeForce RTX 3090 | 55°C,  31 % |   407 / 24576 MB | ubuntu-user(138M) ubuntu-user(25M) ubuntu-user(33M) ubuntu-user(180M)
[2026-03-07 22:15:15] WS5-3                       Sat Mar  7 22:15:15 2026  570.211.01
[2026-03-07 22:15:15] [0] NVIDIA GeForce RTX 3090 | 56°C,  28 % |   409 / 24576 MB | ubuntu-user(138M) ubuntu-user(25M) ubuntu-user(33M) ubuntu-user(182M)
[2026-03-07 22:15:16] WS5-3                       Sat Mar  7 22:15:16 2026  570.211.01
[2026-03-07 22:15:16] [0] NVIDIA GeForce RTX 3090 | 56°C,  31 % |   404 / 24576 MB | ubuntu-user(138M) ubuntu-user(25M) ubuntu-user(33M) ubuntu-user(177M)
[2026-03-07 22:15:17] WS5-3                       Sat Mar  7 22:15:17 2026  570.211.01
[2026-03-07 22:15:17] [0] NVIDIA GeForce RTX 3090 | 55°C,   0 % |   404 / 24576 MB | ubuntu-user(138M) ubuntu-user(25M) ubuntu-user(33M) ubuntu-user(177M)
[2026-03-07 22:15:18] WS5-3                       Sat Mar  7 22:15:18 2026  570.211.01
[2026-03-07 22:15:18] [0] NVIDIA GeForce RTX 3090 | 55°C,   0 % |   403 / 24576 MB | ubuntu-user(138M) ubuntu-user(25M) ubuntu-user(33M) ubuntu-user(176M)
[2026-03-07 22:15:19] WS5-3                       Sat Mar  7 22:15:19 2026  570.211.01
[2026-03-07 22:15:19] [0] NVIDIA GeForce RTX 3090 | 55°C,  29 % |   410 / 24576 MB | ubuntu-user(138M) ubuntu-user(25M) ubuntu-user(33M) ubuntu-user(183M)
[2026-03-07 22:15:20] WS5-3                       Sat Mar  7 22:15:20 2026  570.211.01
[2026-03-07 22:15:20] [0] NVIDIA GeForce RTX 3090 | 55°C,  29 % |   412 / 24576 MB | ubuntu-user(138M) ubuntu-user(25M) ubuntu-user(33M) ubuntu-user(185M)
[2026-03-07 22:15:21] WS5-3                       Sat Mar  7 22:15:21 2026  570.211.01
[2026-03-07 22:15:21] [0] NVIDIA GeForce RTX 3090 | 56°C,  30 % |   407 / 24576 MB | ubuntu-user(138M) ubuntu-user(25M) ubuntu-user(33M) ubuntu-user(180M)
[2026-03-07 22:15:22] WS5-3                       Sat Mar  7 22:15:22 2026  570.211.01
[2026-03-07 22:15:22] [0] NVIDIA GeForce RTX 3090 | 56°C,  27 % |   407 / 24576 MB | ubuntu-user(138M) ubuntu-user(25M) ubuntu-user(33M) ubuntu-user(181M)
[2026-03-07 22:15:23] WS5-3                       Sat Mar  7 22:15:23 2026  570.211.01
[2026-03-07 22:15:23] [0] NVIDIA GeForce RTX 3090 | 55°C,  28 % |   407 / 24576 MB | ubuntu-user(138M) ubuntu-user(25M) ubuntu-user(33M) ubuntu-user(180M)
[2026-03-07 22:15:24] WS5-3                       Sat Mar  7 22:15:24 2026  570.211.01
[2026-03-07 22:15:24] [0] NVIDIA GeForce RTX 3090 | 56°C,  26 % |   390 / 24576 MB | ubuntu-user(138M) ubuntu-user(25M) ubuntu-user(33M) ubuntu-user(164M)
[2026-03-07 22:15:25] WS5-3                       Sat Mar  7 22:15:25 2026  570.211.01
[2026-03-07 22:15:25] [0] NVIDIA GeForce RTX 3090 | 55°C,   4 % |   393 / 24576 MB | ubuntu-user(138M) ubuntu-user(25M) ubuntu-user(33M) ubuntu-user(167M)
[2026-03-07 22:15:26] WS5-3                       Sat Mar  7 22:15:26 2026  570.211.01
[2026-03-07 22:15:26] [0] NVIDIA GeForce RTX 3090 | 55°C,  14 % |   409 / 24576 MB | ubuntu-user(138M) ubuntu-user(25M) ubuntu-user(33M) ubuntu-user(186M)
[2026-03-07 22:15:27] WS5-3                       Sat Mar  7 22:15:27 2026  570.211.01
[2026-03-07 22:15:27] [0] NVIDIA GeForce RTX 3090 | 55°C,  28 % |   413 / 24576 MB | ubuntu-user(138M) ubuntu-user(25M) ubuntu-user(33M) ubuntu-user(186M)
[2026-03-07 22:15:28] WS5-3                       Sat Mar  7 22:15:28 2026  570.211.01
[2026-03-07 22:15:28] [0] NVIDIA GeForce RTX 3090 | 55°C,  28 % |   411 / 24576 MB | ubuntu-user(138M) ubuntu-user(25M) ubuntu-user(33M) ubuntu-user(184M)
[2026-03-07 22:15:29] WS5-3                       Sat Mar  7 22:15:29 2026  570.211.01
[2026-03-07 22:15:29] [0] NVIDIA GeForce RTX 3090 | 55°C,  28 % |   411 / 24576 MB | ubuntu-user(138M) ubuntu-user(25M) ubuntu-user(33M) ubuntu-user(184M)
[2026-03-07 22:15:30] WS5-3                       Sat Mar  7 22:15:30 2026  570.211.01
[2026-03-07 22:15:30] [0] NVIDIA GeForce RTX 3090 | 55°C,  27 % |   410 / 24576 MB | ubuntu-user(138M) ubuntu-user(25M) ubuntu-user(33M) ubuntu-user(184M)
[2026-03-07 22:15:31] WS5-3                       Sat Mar  7 22:15:31 2026  570.211.01
[2026-03-07 22:15:31] [0] NVIDIA GeForce RTX 3090 | 55°C,  28 % |   410 / 24576 MB | ubuntu-user(138M) ubuntu-user(25M) ubuntu-user(33M) ubuntu-user(174M)
[2026-03-07 22:15:32] WS5-3                       Sat Mar  7 22:15:32 2026  570.211.01
[2026-03-07 22:15:32] [0] NVIDIA GeForce RTX 3090 | 55°C,   0 % |   398 / 24576 MB | ubuntu-user(138M) ubuntu-user(25M) ubuntu-user(33M) ubuntu-user(171M)
[2026-03-07 22:15:33] WS5-3                       Sat Mar  7 22:15:33 2026  570.211.01
[2026-03-07 22:15:33] [0] NVIDIA GeForce RTX 3090 | 55°C,  27 % |   401 / 24576 MB | ubuntu-user(138M) ubuntu-user(25M) ubuntu-user(33M) ubuntu-user(175M)
[2026-03-07 22:15:34] WS5-3                       Sat Mar  7 22:15:34 2026  570.211.01
[2026-03-07 22:15:34] [0] NVIDIA GeForce RTX 3090 | 55°C,  29 % |   399 / 24576 MB | ubuntu-user(138M) ubuntu-user(25M) ubuntu-user(33M) ubuntu-user(172M)
[2026-03-07 22:15:35] WS5-3                       Sat Mar  7 22:15:35 2026  570.211.01
[2026-03-07 22:15:35] [0] NVIDIA GeForce RTX 3090 | 55°C,  29 % |   398 / 24576 MB | ubuntu-user(138M) ubuntu-user(25M) ubuntu-user(33M) ubuntu-user(172M)
[2026-03-07 22:15:36] WS5-3                       Sat Mar  7 22:15:36 2026  570.211.01
[2026-03-07 22:15:36] [0] NVIDIA GeForce RTX 3090 | 55°C,  29 % |   398 / 24576 MB | ubuntu-user(138M) ubuntu-user(25M) ubuntu-user(33M) ubuntu-user(171M)
[2026-03-07 22:15:37] WS5-3                       Sat Mar  7 22:15:37 2026  570.211.01
[2026-03-07 22:15:37] [0] NVIDIA GeForce RTX 3090 | 55°C,  30 % |   384 / 24576 MB | ubuntu-user(138M) ubuntu-user(25M) ubuntu-user(33M) ubuntu-user(157M)
[2026-03-07 22:15:38] WS5-3                       Sat Mar  7 22:15:38 2026  570.211.01
[2026-03-07 22:15:38] [0] NVIDIA GeForce RTX 3090 | 55°C,  30 % |   367 / 24576 MB | ubuntu-user(138M) ubuntu-user(25M) ubuntu-user(33M) ubuntu-user(140M)
[2026-03-07 22:15:39] WS5-3                       Sat Mar  7 22:15:39 2026  570.211.01
[2026-03-07 22:15:39] [0] NVIDIA GeForce RTX 3090 | 55°C,   6 % |   390 / 24576 MB | ubuntu-user(138M) ubuntu-user(25M) ubuntu-user(33M) ubuntu-user(163M)
[2026-03-07 22:15:40] WS5-3                       Sat Mar  7 22:15:40 2026  570.211.01
[2026-03-07 22:15:40] [0] NVIDIA GeForce RTX 3090 | 55°C,  27 % |   392 / 24576 MB | ubuntu-user(138M) ubuntu-user(25M) ubuntu-user(33M) ubuntu-user(165M)
[2026-03-07 22:15:41] WS5-3                       Sat Mar  7 22:15:41 2026  570.211.01
[2026-03-07 22:15:41] [0] NVIDIA GeForce RTX 3090 | 55°C,  27 % |   389 / 24576 MB | ubuntu-user(138M) ubuntu-user(25M) ubuntu-user(33M) ubuntu-user(162M)
[2026-03-07 22:15:42] WS5-3                       Sat Mar  7 22:15:42 2026  570.211.01
[2026-03-07 22:15:42] [0] NVIDIA GeForce RTX 3090 | 55°C,  27 % |   390 / 24576 MB | ubuntu-user(138M) ubuntu-user(25M) ubuntu-user(33M) ubuntu-user(163M)
[2026-03-07 22:15:43] WS5-3                       Sat Mar  7 22:15:43 2026  570.211.01
[2026-03-07 22:15:43] [0] NVIDIA GeForce RTX 3090 | 55°C,  27 % |   390 / 24576 MB | ubuntu-user(138M) ubuntu-user(25M) ubuntu-user(33M) ubuntu-user(164M)
[2026-03-07 22:15:44] WS5-3                       Sat Mar  7 22:15:44 2026  570.211.01
[2026-03-07 22:15:44] [0] NVIDIA GeForce RTX 3090 | 55°C,  27 % |   374 / 24576 MB | ubuntu-user(138M) ubuntu-user(25M) ubuntu-user(33M) ubuntu-user(147M)
[2026-03-07 22:15:45] WS5-3                       Sat Mar  7 22:15:45 2026  570.211.01
[2026-03-07 22:15:45] [0] NVIDIA GeForce RTX 3090 | 55°C,  27 % |   374 / 24576 MB | ubuntu-user(138M) ubuntu-user(25M) ubuntu-user(33M) ubuntu-user(147M)
[2026-03-07 22:15:46] WS5-3                       Sat Mar  7 22:15:46 2026  570.211.01
[2026-03-07 22:15:46] [0] NVIDIA GeForce RTX 3090 | 55°C,   9 % |   375 / 24576 MB | ubuntu-user(138M) ubuntu-user(25M) ubuntu-user(33M) ubuntu-user(148M)
[2026-03-07 22:15:47] WS5-3                       Sat Mar  7 22:15:47 2026  570.211.01
[2026-03-07 22:15:47] [0] NVIDIA GeForce RTX 3090 | 58°C,   0 % |   375 / 24576 MB | ubuntu-user(138M) ubuntu-user(25M) ubuntu-user(33M) ubuntu-user(148M)
[2026-03-07 22:15:48] WS5-3                       Sat Mar  7 22:15:48 2026  570.211.01
[2026-03-07 22:15:48] [0] NVIDIA GeForce RTX 3090 | 56°C,  10 % |   394 / 24576 MB | ubuntu-user(138M) ubuntu-user(25M) ubuntu-user(33M) ubuntu-user(167M)
[2026-03-07 22:15:49] WS5-3                       Sat Mar  7 22:15:49 2026  570.211.01
[2026-03-07 22:15:49] [0] NVIDIA GeForce RTX 3090 | 55°C,  33 % |   392 / 24576 MB | ubuntu-user(138M) ubuntu-user(25M) ubuntu-user(33M) ubuntu-user(165M)
[2026-03-07 22:15:50] WS5-3                       Sat Mar  7 22:15:50 2026  570.211.01
[2026-03-07 22:15:50] [0] NVIDIA GeForce RTX 3090 | 55°C,  29 % |   395 / 24576 MB | ubuntu-user(138M) ubuntu-user(25M) ubuntu-user(33M) ubuntu-user(168M)
[2026-03-07 22:15:51] WS5-3                       Sat Mar  7 22:15:51 2026  570.211.01
[2026-03-07 22:15:51] [0] NVIDIA GeForce RTX 3090 | 55°C,  31 % |   393 / 24576 MB | ubuntu-user(138M) ubuntu-user(25M) ubuntu-user(33M) ubuntu-user(166M)
[2026-03-07 22:15:52] WS5-3                       Sat Mar  7 22:15:52 2026  570.211.01
[2026-03-07 22:15:52] [0] NVIDIA GeForce RTX 3090 | 55°C,  27 % |   393 / 24576 MB | ubuntu-user(138M) ubuntu-user(25M) ubuntu-user(33M) ubuntu-user(167M)
[2026-03-07 22:15:53] WS5-3                       Sat Mar  7 22:15:53 2026  570.211.01
[2026-03-07 22:15:53] [0] NVIDIA GeForce RTX 3090 | 55°C,  30 % |   376 / 24576 MB | ubuntu-user(138M) ubuntu-user(25M) ubuntu-user(33M) ubuntu-user(149M)
[2026-03-07 22:15:54] WS5-3                       Sat Mar  7 22:15:54 2026  570.211.01
[2026-03-07 22:15:54] [0] NVIDIA GeForce RTX 3090 | 55°C,  30 % |   383 / 24576 MB | ubuntu-user(138M) ubuntu-user(25M) ubuntu-user(33M) ubuntu-user(157M)
[2026-03-07 22:15:55] WS5-3                       Sat Mar  7 22:15:55 2026  570.211.01
[2026-03-07 22:15:55] [0] NVIDIA GeForce RTX 3090 | 55°C,  24 % |   383 / 24576 MB | ubuntu-user(138M) ubuntu-user(25M) ubuntu-user(33M) ubuntu-user(156M)
[2026-03-07 22:15:56] WS5-3                       Sat Mar  7 22:15:56 2026  570.211.01
[2026-03-07 22:15:56] [0] NVIDIA GeForce RTX 3090 | 55°C,  29 % |   382 / 24576 MB | ubuntu-user(138M) ubuntu-user(25M) ubuntu-user(33M) ubuntu-user(156M)
[2026-03-07 22:15:57] WS5-3                       Sat Mar  7 22:15:57 2026  570.211.01
[2026-03-07 22:15:57] [0] NVIDIA GeForce RTX 3090 | 55°C,  32 % |   382 / 24576 MB | ubuntu-user(138M) ubuntu-user(25M) ubuntu-user(33M) ubuntu-user(155M)
[2026-03-07 22:15:58] WS5-3                       Sat Mar  7 22:15:58 2026  570.211.01
[2026-03-07 22:15:58] [0] NVIDIA GeForce RTX 3090 | 55°C,  26 % |   383 / 24576 MB | ubuntu-user(138M) ubuntu-user(25M) ubuntu-user(33M) ubuntu-user(156M)
[2026-03-07 22:15:59] WS5-3                       Sat Mar  7 22:15:59 2026  570.211.01
[2026-03-07 22:15:59] [0] NVIDIA GeForce RTX 3090 | 55°C,  31 % |   400 / 24576 MB | ubuntu-user(138M) ubuntu-user(25M) ubuntu-user(33M) ubuntu-user(173M)
[2026-03-07 22:16:00] WS5-3                       Sat Mar  7 22:16:00 2026  570.211.01
[2026-03-07 22:16:00] [0] NVIDIA GeForce RTX 3090 | 55°C,  34 % |   400 / 24576 MB | ubuntu-user(138M) ubuntu-user(25M) ubuntu-user(33M) ubuntu-user(173M)
[2026-03-07 22:16:01] WS5-3                       Sat Mar  7 22:16:01 2026  570.211.01
[2026-03-07 22:16:01] [0] NVIDIA GeForce RTX 3090 | 55°C,  27 % |   401 / 24576 MB | ubuntu-user(138M) ubuntu-user(25M) ubuntu-user(33M) ubuntu-user(174M)
[2026-03-07 22:16:02] WS5-3                       Sat Mar  7 22:16:02 2026  570.211.01
[2026-03-07 22:16:02] [0] NVIDIA GeForce RTX 3090 | 55°C,  26 % |   400 / 24576 MB | ubuntu-user(138M) ubuntu-user(25M) ubuntu-user(33M) ubuntu-user(173M)
[2026-03-07 22:16:03] WS5-3                       Sat Mar  7 22:16:03 2026  570.211.01
[2026-03-07 22:16:03] [0] NVIDIA GeForce RTX 3090 | 55°C,  27 % |   398 / 24576 MB | ubuntu-user(138M) ubuntu-user(25M) ubuntu-user(33M) ubuntu-user(172M)
[2026-03-07 22:16:04] WS5-3                       Sat Mar  7 22:16:04 2026  570.211.01
[2026-03-07 22:16:04] [0] NVIDIA GeForce RTX 3090 | 55°C,  30 % |   392 / 24576 MB | ubuntu-user(138M) ubuntu-user(25M) ubuntu-user(33M) ubuntu-user(166M)
[2026-03-07 22:16:05] WS5-3                       Sat Mar  7 22:16:05 2026  570.211.01
[2026-03-07 22:16:05] [0] NVIDIA GeForce RTX 3090 | 55°C,  24 % |   401 / 24576 MB | ubuntu-user(138M) ubuntu-user(25M) ubuntu-user(33M) ubuntu-user(174M)
[2026-03-07 22:16:06] WS5-3                       Sat Mar  7 22:16:06 2026  570.211.01
[2026-03-07 22:16:06] [0] NVIDIA GeForce RTX 3090 | 55°C,  22 % |   403 / 24576 MB | ubuntu-user(138M) ubuntu-user(25M) ubuntu-user(33M) ubuntu-user(176M)
[2026-03-07 22:16:07] WS5-3                       Sat Mar  7 22:16:07 2026  570.211.01
[2026-03-07 22:16:07] [0] NVIDIA GeForce RTX 3090 | 55°C,  26 % |   402 / 24576 MB | ubuntu-user(138M) ubuntu-user(25M) ubuntu-user(33M) ubuntu-user(175M)
[2026-03-07 22:16:08] WS5-3                       Sat Mar  7 22:16:08 2026  570.211.01
[2026-03-07 22:16:08] [0] NVIDIA GeForce RTX 3090 | 55°C,  25 % |   401 / 24576 MB | ubuntu-user(138M) ubuntu-user(25M) ubuntu-user(33M) ubuntu-user(174M)
[2026-03-07 22:16:09] WS5-3                       Sat Mar  7 22:16:09 2026  570.211.01
[2026-03-07 22:16:09] [0] NVIDIA GeForce RTX 3090 | 55°C,  27 % |   401 / 24576 MB | ubuntu-user(138M) ubuntu-user(25M) ubuntu-user(33M) ubuntu-user(174M)
[2026-03-07 22:16:10] WS5-3                       Sat Mar  7 22:16:10 2026  570.211.01
[2026-03-07 22:16:10] [0] NVIDIA GeForce RTX 3090 | 55°C,  25 % |   385 / 24576 MB | ubuntu-user(138M) ubuntu-user(25M) ubuntu-user(33M) ubuntu-user(158M)
[2026-03-07 22:16:11] WS5-3                       Sat Mar  7 22:16:11 2026  570.211.01
[2026-03-07 22:16:11] [0] NVIDIA GeForce RTX 3090 | 54°C,   5 % |   386 / 24576 MB | ubuntu-user(138M) ubuntu-user(25M) ubuntu-user(33M) ubuntu-user(159M)
[2026-03-07 22:16:12] WS5-3                       Sat Mar  7 22:16:12 2026  570.211.01
[2026-03-07 22:16:12] [0] NVIDIA GeForce RTX 3090 | 55°C,  26 % |   407 / 24576 MB | ubuntu-user(138M) ubuntu-user(25M) ubuntu-user(33M) ubuntu-user(180M)
[2026-03-07 22:16:13] WS5-3                       Sat Mar  7 22:16:13 2026  570.211.01
[2026-03-07 22:16:13] [0] NVIDIA GeForce RTX 3090 | 55°C,  27 % |   403 / 24576 MB | ubuntu-user(138M) ubuntu-user(25M) ubuntu-user(33M) ubuntu-user(176M)
[2026-03-07 22:16:14] WS5-3                       Sat Mar  7 22:16:14 2026  570.211.01
[2026-03-07 22:16:14] [0] NVIDIA GeForce RTX 3090 | 55°C,  28 % |   402 / 24576 MB | ubuntu-user(138M) ubuntu-user(25M) ubuntu-user(33M) ubuntu-user(175M)
[2026-03-07 22:16:15] WS5-3                       Sat Mar  7 22:16:15 2026  570.211.01
[2026-03-07 22:16:15] [0] NVIDIA GeForce RTX 3090 | 55°C,  30 % |   403 / 24576 MB | ubuntu-user(138M) ubuntu-user(25M) ubuntu-user(33M) ubuntu-user(176M)
[2026-03-07 22:16:16] WS5-3                       Sat Mar  7 22:16:16 2026  570.211.01
[2026-03-07 22:16:16] [0] NVIDIA GeForce RTX 3090 | 55°C,  27 % |   403 / 24576 MB | ubuntu-user(138M) ubuntu-user(25M) ubuntu-user(33M) ubuntu-user(176M)
[2026-03-07 22:16:17] WS5-3                       Sat Mar  7 22:16:17 2026  570.211.01
[2026-03-07 22:16:17] [0] NVIDIA GeForce RTX 3090 | 55°C,  29 % |   386 / 24576 MB | ubuntu-user(138M) ubuntu-user(25M) ubuntu-user(33M) ubuntu-user(160M)
[2026-03-07 22:16:18] WS5-3                       Sat Mar  7 22:16:18 2026  570.211.01
[2026-03-07 22:16:18] [0] NVIDIA GeForce RTX 3090 | 55°C,  29 % |   386 / 24576 MB | ubuntu-user(138M) ubuntu-user(25M) ubuntu-user(33M) ubuntu-user(159M)
[2026-03-07 22:16:19] WS5-3                       Sat Mar  7 22:16:19 2026  570.211.01
[2026-03-07 22:16:19] [0] NVIDIA GeForce RTX 3090 | 55°C,  28 % |   390 / 24576 MB | ubuntu-user(138M) ubuntu-user(25M) ubuntu-user(33M) ubuntu-user(164M)
[2026-03-07 22:16:20] WS5-3                       Sat Mar  7 22:16:20 2026  570.211.01
[2026-03-07 22:16:20] [0] NVIDIA GeForce RTX 3090 | 54°C,   1 % |   399 / 24576 MB | ubuntu-user(138M) ubuntu-user(25M) ubuntu-user(33M) ubuntu-user(172M)
[2026-03-07 22:16:21] WS5-3                       Sat Mar  7 22:16:21 2026  570.211.01
[2026-03-07 22:16:21] [0] NVIDIA GeForce RTX 3090 | 55°C,  29 % |   399 / 24576 MB | ubuntu-user(138M) ubuntu-user(25M) ubuntu-user(33M) ubuntu-user(172M)
[2026-03-07 22:16:22] WS5-3                       Sat Mar  7 22:16:22 2026  570.211.01
[2026-03-07 22:16:22] [0] NVIDIA GeForce RTX 3090 | 55°C,  31 % |   404 / 24576 MB | ubuntu-user(138M) ubuntu-user(25M) ubuntu-user(33M) ubuntu-user(177M)
[2026-03-07 22:16:23] WS5-3                       Sat Mar  7 22:16:23 2026  570.211.01
[2026-03-07 22:16:23] [0] NVIDIA GeForce RTX 3090 | 55°C,  29 % |   402 / 24576 MB | ubuntu-user(138M) ubuntu-user(25M) ubuntu-user(33M) ubuntu-user(175M)
[2026-03-07 22:16:24] WS5-3                       Sat Mar  7 22:16:24 2026  570.211.01
[2026-03-07 22:16:24] [0] NVIDIA GeForce RTX 3090 | 55°C,  32 % |   401 / 24576 MB | ubuntu-user(138M) ubuntu-user(25M) ubuntu-user(33M) ubuntu-user(174M)
[2026-03-07 22:16:25] WS5-3                       Sat Mar  7 22:16:25 2026  570.211.01
[2026-03-07 22:16:25] [0] NVIDIA GeForce RTX 3090 | 55°C,  32 % |   403 / 24576 MB | ubuntu-user(138M) ubuntu-user(25M) ubuntu-user(33M) ubuntu-user(176M)
[2026-03-07 22:16:26] WS5-3                       Sat Mar  7 22:16:26 2026  570.211.01
[2026-03-07 22:16:26] [0] NVIDIA GeForce RTX 3090 | 55°C,  28 % |   403 / 24576 MB | ubuntu-user(138M) ubuntu-user(25M) ubuntu-user(33M) ubuntu-user(176M)
[2026-03-07 22:16:27] WS5-3                       Sat Mar  7 22:16:27 2026  570.211.01
[2026-03-07 22:16:27] [0] NVIDIA GeForce RTX 3090 | 55°C,  27 % |   389 / 24576 MB | ubuntu-user(138M) ubuntu-user(25M) ubuntu-user(33M) ubuntu-user(162M)
[2026-03-07 22:16:28] WS5-3                       Sat Mar  7 22:16:28 2026  570.211.01
[2026-03-07 22:16:28] [0] NVIDIA GeForce RTX 3090 | 55°C,  26 % |   389 / 24576 MB | ubuntu-user(138M) ubuntu-user(25M) ubuntu-user(33M) ubuntu-user(162M)
[2026-03-07 22:16:29] WS5-3                       Sat Mar  7 22:16:29 2026  570.211.01
[2026-03-07 22:16:29] [0] NVIDIA GeForce RTX 3090 | 55°C,  28 % |   389 / 24576 MB | ubuntu-user(138M) ubuntu-user(25M) ubuntu-user(33M) ubuntu-user(162M)
[2026-03-07 22:16:30] WS5-3                       Sat Mar  7 22:16:30 2026  570.211.01
[2026-03-07 22:16:30] [0] NVIDIA GeForce RTX 3090 | 55°C,  27 % |   389 / 24576 MB | ubuntu-user(138M) ubuntu-user(25M) ubuntu-user(33M) ubuntu-user(162M)
[2026-03-07 22:16:31] WS5-3                       Sat Mar  7 22:16:31 2026  570.211.01
[2026-03-07 22:16:31] [0] NVIDIA GeForce RTX 3090 | 55°C,  28 % |   384 / 24576 MB | ubuntu-user(138M) ubuntu-user(25M) ubuntu-user(33M) ubuntu-user(157M)
[2026-03-07 22:16:32] WS5-3                       Sat Mar  7 22:16:32 2026  570.211.01
[2026-03-07 22:16:32] [0] NVIDIA GeForce RTX 3090 | 55°C,  27 % |   384 / 24576 MB | ubuntu-user(138M) ubuntu-user(25M) ubuntu-user(33M) ubuntu-user(157M)
[2026-03-07 22:16:33] WS5-3                       Sat Mar  7 22:16:33 2026  570.211.01
[2026-03-07 22:16:33] [0] NVIDIA GeForce RTX 3090 | 55°C,  28 % |   381 / 24576 MB | ubuntu-user(138M) ubuntu-user(25M) ubuntu-user(33M) ubuntu-user(154M)
[2026-03-07 22:16:34] WS5-3                       Sat Mar  7 22:16:34 2026  570.211.01
[2026-03-07 22:16:34] [0] NVIDIA GeForce RTX 3090 | 55°C,  27 % |   381 / 24576 MB | ubuntu-user(138M) ubuntu-user(25M) ubuntu-user(33M) ubuntu-user(154M)
[2026-03-07 22:16:35] WS5-3                       Sat Mar  7 22:16:35 2026  570.211.01
[2026-03-07 22:16:35] [0] NVIDIA GeForce RTX 3090 | 55°C,  27 % |   388 / 24576 MB | ubuntu-user(138M) ubuntu-user(25M) ubuntu-user(33M) ubuntu-user(161M)
[2026-03-07 22:16:36] WS5-3                       Sat Mar  7 22:16:36 2026  570.211.01
[2026-03-07 22:16:36] [0] NVIDIA GeForce RTX 3090 | 55°C,  28 % |   388 / 24576 MB | ubuntu-user(138M) ubuntu-user(25M) ubuntu-user(33M) ubuntu-user(161M)
[2026-03-07 22:16:37] WS5-3                       Sat Mar  7 22:16:37 2026  570.211.01
[2026-03-07 22:16:37] [0] NVIDIA GeForce RTX 3090 | 55°C,  28 % |   388 / 24576 MB | ubuntu-user(138M) ubuntu-user(25M) ubuntu-user(33M) ubuntu-user(162M)
[2026-03-07 22:16:38] WS5-3                       Sat Mar  7 22:16:38 2026  570.211.01
[2026-03-07 22:16:38] [0] NVIDIA GeForce RTX 3090 | 54°C,  16 % |   388 / 24576 MB | ubuntu-user(138M) ubuntu-user(25M) ubuntu-user(33M) ubuntu-user(161M)
[2026-03-07 22:16:39] WS5-3                       Sat Mar  7 22:16:39 2026  570.211.01
[2026-03-07 22:16:39] [0] NVIDIA GeForce RTX 3090 | 55°C,  18 % |   388 / 24576 MB | ubuntu-user(138M) ubuntu-user(25M) ubuntu-user(33M) ubuntu-user(161M)
[2026-03-07 22:16:40] WS5-3                       Sat Mar  7 22:16:40 2026  570.211.01
[2026-03-07 22:16:40] [0] NVIDIA GeForce RTX 3090 | 54°C,  13 % |   383 / 24576 MB | ubuntu-user(138M) ubuntu-user(25M) ubuntu-user(33M) ubuntu-user(156M)
[2026-03-07 22:16:41] WS5-3                       Sat Mar  7 22:16:41 2026  570.211.01
[2026-03-07 22:16:41] [0] NVIDIA GeForce RTX 3090 | 54°C,  14 % |   387 / 24576 MB | ubuntu-user(138M) ubuntu-user(25M) ubuntu-user(33M) ubuntu-user(160M)
[2026-03-07 22:16:42] WS5-3                       Sat Mar  7 22:16:42 2026  570.211.01
[2026-03-07 22:16:42] [0] NVIDIA GeForce RTX 3090 | 54°C,  27 % |   388 / 24576 MB | ubuntu-user(138M) ubuntu-user(25M) ubuntu-user(33M) ubuntu-user(161M)
[2026-03-07 22:16:43] WS5-3                       Sat Mar  7 22:16:43 2026  570.211.01
[2026-03-07 22:16:43] [0] NVIDIA GeForce RTX 3090 | 54°C,  22 % |   388 / 24576 MB | ubuntu-user(138M) ubuntu-user(25M) ubuntu-user(33M) ubuntu-user(161M)
[2026-03-07 22:16:44] WS5-3                       Sat Mar  7 22:16:44 2026  570.211.01
[2026-03-07 22:16:44] [0] NVIDIA GeForce RTX 3090 | 55°C,  30 % |   396 / 24576 MB | ubuntu-user(138M) ubuntu-user(25M) ubuntu-user(33M) ubuntu-user(169M)
[2026-03-07 22:16:45] WS5-3                       Sat Mar  7 22:16:45 2026  570.211.01
[2026-03-07 22:16:45] [0] NVIDIA GeForce RTX 3090 | 55°C,  18 % |   399 / 24576 MB | ubuntu-user(138M) ubuntu-user(25M) ubuntu-user(33M) ubuntu-user(173M)
[2026-03-07 22:16:46] WS5-3                       Sat Mar  7 22:16:46 2026  570.211.01
[2026-03-07 22:16:46] [0] NVIDIA GeForce RTX 3090 | 55°C,   5 % |   401 / 24576 MB | ubuntu-user(138M) ubuntu-user(25M) ubuntu-user(33M) ubuntu-user(174M)
[2026-03-07 22:16:47] WS5-3                       Sat Mar  7 22:16:47 2026  570.211.01
[2026-03-07 22:16:47] [0] NVIDIA GeForce RTX 3090 | 57°C,   7 % |   400 / 24576 MB | ubuntu-user(138M) ubuntu-user(25M) ubuntu-user(33M) ubuntu-user(173M)
[2026-03-07 22:16:48] WS5-3                       Sat Mar  7 22:16:48 2026  570.211.01
[2026-03-07 22:16:48] [0] NVIDIA GeForce RTX 3090 | 56°C,  15 % |   400 / 24576 MB | ubuntu-user(138M) ubuntu-user(25M) ubuntu-user(33M) ubuntu-user(173M)
[2026-03-07 22:16:49] WS5-3                       Sat Mar  7 22:16:49 2026  570.211.01
[2026-03-07 22:16:49] [0] NVIDIA GeForce RTX 3090 | 55°C,  18 % |   400 / 24576 MB | ubuntu-user(138M) ubuntu-user(25M) ubuntu-user(33M) ubuntu-user(173M)
[2026-03-07 22:16:50] WS5-3                       Sat Mar  7 22:16:50 2026  570.211.01
[2026-03-07 22:16:50] [0] NVIDIA GeForce RTX 3090 | 54°C,   5 % |   403 / 24576 MB | ubuntu-user(138M) ubuntu-user(25M) ubuntu-user(33M) ubuntu-user(177M)
[2026-03-07 22:16:51] WS5-3                       Sat Mar  7 22:16:51 2026  570.211.01
[2026-03-07 22:16:51] [0] NVIDIA GeForce RTX 3090 | 54°C,   5 % |   397 / 24576 MB | ubuntu-user(138M) ubuntu-user(25M) ubuntu-user(33M) ubuntu-user(170M)
[2026-03-07 22:16:52] WS5-3                       Sat Mar  7 22:16:52 2026  570.211.01
[2026-03-07 22:16:52] [0] NVIDIA GeForce RTX 3090 | 54°C,  13 % |   397 / 24576 MB | ubuntu-user(138M) ubuntu-user(25M) ubuntu-user(33M) ubuntu-user(170M)
[2026-03-07 22:16:53] WS5-3                       Sat Mar  7 22:16:53 2026  570.211.01
[2026-03-07 22:16:53] [0] NVIDIA GeForce RTX 3090 | 54°C,   4 % |   393 / 24576 MB | ubuntu-user(138M) ubuntu-user(25M) ubuntu-user(33M) ubuntu-user(166M)
[2026-03-07 22:16:54] WS5-3                       Sat Mar  7 22:16:54 2026  570.211.01
[2026-03-07 22:16:54] [0] NVIDIA GeForce RTX 3090 | 54°C,   4 % |   393 / 24576 MB | ubuntu-user(138M) ubuntu-user(25M) ubuntu-user(33M) ubuntu-user(166M)
[2026-03-07 22:16:55] WS5-3                       Sat Mar  7 22:16:55 2026  570.211.01
[2026-03-07 22:16:55] [0] NVIDIA GeForce RTX 3090 | 54°C,   5 % |   386 / 24576 MB | ubuntu-user(138M) ubuntu-user(25M) ubuntu-user(33M) ubuntu-user(160M)
[2026-03-07 22:16:56] WS5-3                       Sat Mar  7 22:16:56 2026  570.211.01
[2026-03-07 22:16:56] [0] NVIDIA GeForce RTX 3090 | 54°C,   2 % |   388 / 24576 MB | ubuntu-user(138M) ubuntu-user(25M) ubuntu-user(33M) ubuntu-user(161M)
[2026-03-07 22:16:57] WS5-3                       Sat Mar  7 22:16:57 2026  570.211.01
[2026-03-07 22:16:57] [0] NVIDIA GeForce RTX 3090 | 54°C,  14 % |   387 / 24576 MB | ubuntu-user(138M) ubuntu-user(25M) ubuntu-user(33M) ubuntu-user(161M)
[2026-03-07 22:16:58] WS5-3                       Sat Mar  7 22:16:58 2026  570.211.01
[2026-03-07 22:16:58] [0] NVIDIA GeForce RTX 3090 | 54°C,   8 % |   387 / 24576 MB | ubuntu-user(138M) ubuntu-user(25M) ubuntu-user(33M) ubuntu-user(160M)
[2026-03-07 22:16:59] WS5-3                       Sat Mar  7 22:16:59 2026  570.211.01
[2026-03-07 22:16:59] [0] NVIDIA GeForce RTX 3090 | 54°C,   4 % |   389 / 24576 MB | ubuntu-user(138M) ubuntu-user(25M) ubuntu-user(33M) ubuntu-user(162M)
[2026-03-07 22:17:00] WS5-3                       Sat Mar  7 22:17:00 2026  570.211.01
[2026-03-07 22:17:00] [0] NVIDIA GeForce RTX 3090 | 54°C,  16 % |   391 / 24576 MB | ubuntu-user(138M) ubuntu-user(25M) ubuntu-user(33M) ubuntu-user(164M)
[2026-03-07 22:17:01] WS5-3                       Sat Mar  7 22:17:01 2026  570.211.01
[2026-03-07 22:17:01] [0] NVIDIA GeForce RTX 3090 | 54°C,  22 % |   395 / 24576 MB | ubuntu-user(138M) ubuntu-user(25M) ubuntu-user(33M) ubuntu-user(168M)
[2026-03-07 22:17:02] WS5-3                       Sat Mar  7 22:17:02 2026  570.211.01
[2026-03-07 22:17:02] [0] NVIDIA GeForce RTX 3090 | 54°C,   4 % |   393 / 24576 MB | ubuntu-user(138M) ubuntu-user(25M) ubuntu-user(33M) ubuntu-user(166M)
[2026-03-07 22:17:03] WS5-3                       Sat Mar  7 22:17:03 2026  570.211.01
[2026-03-07 22:17:03] [0] NVIDIA GeForce RTX 3090 | 54°C,  11 % |   393 / 24576 MB | ubuntu-user(138M) ubuntu-user(25M) ubuntu-user(33M) ubuntu-user(166M)
[2026-03-07 22:17:04] WS5-3                       Sat Mar  7 22:17:04 2026  570.211.01
[2026-03-07 22:17:04] [0] NVIDIA GeForce RTX 3090 | 54°C,  26 % |   397 / 24576 MB | ubuntu-user(138M) ubuntu-user(25M) ubuntu-user(33M) ubuntu-user(170M)
[2026-03-07 22:17:05] WS5-3                       Sat Mar  7 22:17:05 2026  570.211.01
[2026-03-07 22:17:05] [0] NVIDIA GeForce RTX 3090 | 54°C,  26 % |   393 / 24576 MB | ubuntu-user(138M) ubuntu-user(25M) ubuntu-user(33M) ubuntu-user(166M)
[2026-03-07 22:17:06] WS5-3                       Sat Mar  7 22:17:06 2026  570.211.01
[2026-03-07 22:17:06] [0] NVIDIA GeForce RTX 3090 | 54°C,   9 % |   392 / 24576 MB | ubuntu-user(138M) ubuntu-user(25M) ubuntu-user(33M) ubuntu-user(165M)
[2026-03-07 22:17:07] WS5-3                       Sat Mar  7 22:17:07 2026  570.211.01
[2026-03-07 22:17:07] [0] NVIDIA GeForce RTX 3090 | 54°C,   4 % |   391 / 24576 MB | ubuntu-user(138M) ubuntu-user(25M) ubuntu-user(33M) ubuntu-user(164M)
[2026-03-07 22:17:08] WS5-3                       Sat Mar  7 22:17:08 2026  570.211.01
[2026-03-07 22:17:08] [0] NVIDIA GeForce RTX 3090 | 54°C,  14 % |   391 / 24576 MB | ubuntu-user(138M) ubuntu-user(25M) ubuntu-user(33M) ubuntu-user(164M)
[2026-03-07 22:17:09] WS5-3                       Sat Mar  7 22:17:09 2026  570.211.01
[2026-03-07 22:17:09] [0] NVIDIA GeForce RTX 3090 | 53°C,   8 % |   390 / 24576 MB | ubuntu-user(138M) ubuntu-user(25M) ubuntu-user(33M) ubuntu-user(163M)
[2026-03-07 22:17:10] WS5-3                       Sat Mar  7 22:17:10 2026  570.211.01
[2026-03-07 22:17:10] [0] NVIDIA GeForce RTX 3090 | 53°C,  14 % |   389 / 24576 MB | ubuntu-user(138M) ubuntu-user(25M) ubuntu-user(33M) ubuntu-user(163M)
[2026-03-07 22:17:11] WS5-3                       Sat Mar  7 22:17:11 2026  570.211.01
[2026-03-07 22:17:11] [0] NVIDIA GeForce RTX 3090 | 54°C,   8 % |   388 / 24576 MB | ubuntu-user(138M) ubuntu-user(25M) ubuntu-user(33M) ubuntu-user(162M)
[2026-03-07 22:17:12] WS5-3                       Sat Mar  7 22:17:12 2026  570.211.01
[2026-03-07 22:17:12] [0] NVIDIA GeForce RTX 3090 | 53°C,   4 % |   388 / 24576 MB | ubuntu-user(138M) ubuntu-user(25M) ubuntu-user(33M) ubuntu-user(161M)
[2026-03-07 22:17:13] WS5-3                       Sat Mar  7 22:17:13 2026  570.211.01
[2026-03-07 22:17:13] [0] NVIDIA GeForce RTX 3090 | 53°C,  10 % |   388 / 24576 MB | ubuntu-user(138M) ubuntu-user(25M) ubuntu-user(33M) ubuntu-user(162M)
[2026-03-07 22:17:14] WS5-3                       Sat Mar  7 22:17:14 2026  570.211.01
[2026-03-07 22:17:14] [0] NVIDIA GeForce RTX 3090 | 54°C,  30 % |   388 / 24576 MB | ubuntu-user(138M) ubuntu-user(25M) ubuntu-user(33M) ubuntu-user(161M)
[2026-03-07 22:17:15] WS5-3                       Sat Mar  7 22:17:15 2026  570.211.01
[2026-03-07 22:17:15] [0] NVIDIA GeForce RTX 3090 | 53°C,   4 % |   388 / 24576 MB | ubuntu-user(138M) ubuntu-user(25M) ubuntu-user(33M) ubuntu-user(161M)
[2026-03-07 22:17:16] WS5-3                       Sat Mar  7 22:17:16 2026  570.211.01
[2026-03-07 22:17:16] [0] NVIDIA GeForce RTX 3090 | 53°C,   4 % |   388 / 24576 MB | ubuntu-user(138M) ubuntu-user(25M) ubuntu-user(33M) ubuntu-user(162M)
[2026-03-07 22:17:17] WS5-3                       Sat Mar  7 22:17:17 2026  570.211.01
[2026-03-07 22:17:17] [0] NVIDIA GeForce RTX 3090 | 53°C,   9 % |   388 / 24576 MB | ubuntu-user(138M) ubuntu-user(25M) ubuntu-user(33M) ubuntu-user(161M)
[2026-03-07 22:17:18] WS5-3                       Sat Mar  7 22:17:18 2026  570.211.01
[2026-03-07 22:17:18] [0] NVIDIA GeForce RTX 3090 | 53°C,   5 % |   388 / 24576 MB | ubuntu-user(138M) ubuntu-user(25M) ubuntu-user(33M) ubuntu-user(161M)
[2026-03-07 22:17:19] WS5-3                       Sat Mar  7 22:17:19 2026  570.211.01
[2026-03-07 22:17:19] [0] NVIDIA GeForce RTX 3090 | 53°C,  13 % |   388 / 24576 MB | ubuntu-user(138M) ubuntu-user(25M) ubuntu-user(33M) ubuntu-user(161M)
[2026-03-07 22:17:20] WS5-3                       Sat Mar  7 22:17:20 2026  570.211.01
[2026-03-07 22:17:20] [0] NVIDIA GeForce RTX 3090 | 53°C,   4 % |   388 / 24576 MB | ubuntu-user(138M) ubuntu-user(25M) ubuntu-user(33M) ubuntu-user(161M)
[2026-03-07 22:17:21] WS5-3                       Sat Mar  7 22:17:21 2026  570.211.01
[2026-03-07 22:17:21] [0] NVIDIA GeForce RTX 3090 | 53°C,   5 % |   388 / 24576 MB | ubuntu-user(138M) ubuntu-user(25M) ubuntu-user(33M) ubuntu-user(162M)
[2026-03-07 22:17:22] WS5-3                       Sat Mar  7 22:17:22 2026  570.211.01
[2026-03-07 22:17:22] [0] NVIDIA GeForce RTX 3090 | 53°C,   4 % |   388 / 24576 MB | ubuntu-user(138M) ubuntu-user(25M) ubuntu-user(33M) ubuntu-user(161M)
[2026-03-07 22:17:23] WS5-3                       Sat Mar  7 22:17:23 2026  570.211.01
[2026-03-07 22:17:23] [0] NVIDIA GeForce RTX 3090 | 53°C,   4 % |   388 / 24576 MB | ubuntu-user(138M) ubuntu-user(25M) ubuntu-user(33M) ubuntu-user(161M)
[2026-03-07 22:17:24] WS5-3                       Sat Mar  7 22:17:24 2026  570.211.01
[2026-03-07 22:17:24] [0] NVIDIA GeForce RTX 3090 | 53°C,   8 % |   388 / 24576 MB | ubuntu-user(138M) ubuntu-user(25M) ubuntu-user(33M) ubuntu-user(161M)
[2026-03-07 22:17:25] WS5-3                       Sat Mar  7 22:17:25 2026  570.211.01
[2026-03-07 22:17:25] [0] NVIDIA GeForce RTX 3090 | 53°C,   4 % |   388 / 24576 MB | ubuntu-user(138M) ubuntu-user(25M) ubuntu-user(33M) ubuntu-user(161M)
[2026-03-07 22:17:26] WS5-3                       Sat Mar  7 22:17:26 2026  570.211.01
[2026-03-07 22:17:26] [0] NVIDIA GeForce RTX 3090 | 53°C,  13 % |   388 / 24576 MB | ubuntu-user(138M) ubuntu-user(25M) ubuntu-user(33M) ubuntu-user(162M)
[2026-03-07 22:17:27] WS5-3                       Sat Mar  7 22:17:27 2026  570.211.01
[2026-03-07 22:17:27] [0] NVIDIA GeForce RTX 3090 | 53°C,   5 % |   388 / 24576 MB | ubuntu-user(138M) ubuntu-user(25M) ubuntu-user(33M) ubuntu-user(161M)
[2026-03-07 22:17:28] WS5-3                       Sat Mar  7 22:17:28 2026  570.211.01
[2026-03-07 22:17:28] [0] NVIDIA GeForce RTX 3090 | 53°C,   4 % |   390 / 24576 MB | ubuntu-user(138M) ubuntu-user(25M) ubuntu-user(33M) ubuntu-user(163M)
[2026-03-07 22:17:29] WS5-3                       Sat Mar  7 22:17:29 2026  570.211.01
[2026-03-07 22:17:29] [0] NVIDIA GeForce RTX 3090 | 53°C,   3 % |   390 / 24576 MB | ubuntu-user(138M) ubuntu-user(25M) ubuntu-user(33M) ubuntu-user(163M)
[2026-03-07 22:17:30] WS5-3                       Sat Mar  7 22:17:30 2026  570.211.01
[2026-03-07 22:17:30] [0] NVIDIA GeForce RTX 3090 | 53°C,   5 % |   389 / 24576 MB | ubuntu-user(138M) ubuntu-user(25M) ubuntu-user(33M) ubuntu-user(163M)
[2026-03-07 22:17:31] WS5-3                       Sat Mar  7 22:17:31 2026  570.211.01
[2026-03-07 22:17:31] [0] NVIDIA GeForce RTX 3090 | 53°C,   4 % |   390 / 24576 MB | ubuntu-user(138M) ubuntu-user(25M) ubuntu-user(33M) ubuntu-user(163M)
[2026-03-07 22:17:32] WS5-3                       Sat Mar  7 22:17:32 2026  570.211.01
[2026-03-07 22:17:32] [0] NVIDIA GeForce RTX 3090 | 53°C,   5 % |   390 / 24576 MB | ubuntu-user(138M) ubuntu-user(25M) ubuntu-user(33M) ubuntu-user(163M)
[2026-03-07 22:17:33] WS5-3                       Sat Mar  7 22:17:33 2026  570.211.01
[2026-03-07 22:17:33] [0] NVIDIA GeForce RTX 3090 | 53°C,   5 % |   389 / 24576 MB | ubuntu-user(138M) ubuntu-user(25M) ubuntu-user(33M) ubuntu-user(163M)
[2026-03-07 22:17:34] WS5-3                       Sat Mar  7 22:17:34 2026  570.211.01
[2026-03-07 22:17:34] [0] NVIDIA GeForce RTX 3090 | 53°C,   4 % |   388 / 24576 MB | ubuntu-user(138M) ubuntu-user(25M) ubuntu-user(33M) ubuntu-user(161M)
[2026-03-07 22:17:35] WS5-3                       Sat Mar  7 22:17:35 2026  570.211.01
[2026-03-07 22:17:35] [0] NVIDIA GeForce RTX 3090 | 53°C,   4 % |   388 / 24576 MB | ubuntu-user(138M) ubuntu-user(25M) ubuntu-user(33M) ubuntu-user(161M)
[2026-03-07 22:17:36] WS5-3                       Sat Mar  7 22:17:36 2026  570.211.01
[2026-03-07 22:17:36] [0] NVIDIA GeForce RTX 3090 | 52°C,   4 % |   388 / 24576 MB | ubuntu-user(138M) ubuntu-user(25M) ubuntu-user(33M) ubuntu-user(162M)
[2026-03-07 22:17:37] WS5-3                       Sat Mar  7 22:17:37 2026  570.211.01
[2026-03-07 22:17:37] [0] NVIDIA GeForce RTX 3090 | 53°C,   4 % |   388 / 24576 MB | ubuntu-user(138M) ubuntu-user(25M) ubuntu-user(33M) ubuntu-user(161M)
[2026-03-07 22:17:38] WS5-3                       Sat Mar  7 22:17:38 2026  570.211.01
[2026-03-07 22:17:38] [0] NVIDIA GeForce RTX 3090 | 53°C,   5 % |   388 / 24576 MB | ubuntu-user(138M) ubuntu-user(25M) ubuntu-user(33M) ubuntu-user(161M)
[2026-03-07 22:17:39] WS5-3                       Sat Mar  7 22:17:39 2026  570.211.01
[2026-03-07 22:17:39] [0] NVIDIA GeForce RTX 3090 | 52°C,   4 % |   388 / 24576 MB | ubuntu-user(138M) ubuntu-user(25M) ubuntu-user(33M) ubuntu-user(161M)
[2026-03-07 22:17:40] WS5-3                       Sat Mar  7 22:17:40 2026  570.211.01
[2026-03-07 22:17:40] [0] NVIDIA GeForce RTX 3090 | 53°C,  19 % |   395 / 24576 MB | ubuntu-user(138M) ubuntu-user(25M) ubuntu-user(33M) ubuntu-user(168M)
[2026-03-07 22:17:41] WS5-3                       Sat Mar  7 22:17:41 2026  570.211.01
[2026-03-07 22:17:41] [0] NVIDIA GeForce RTX 3090 | 53°C,   1 % |   398 / 24576 MB | ubuntu-user(138M) ubuntu-user(25M) ubuntu-user(33M) ubuntu-user(171M)
[2026-03-07 22:17:42] WS5-3                       Sat Mar  7 22:17:42 2026  570.211.01
[2026-03-07 22:17:42] [0] NVIDIA GeForce RTX 3090 | 52°C,   8 % |   393 / 24576 MB | ubuntu-user(138M) ubuntu-user(25M) ubuntu-user(33M) ubuntu-user(167M)
[2026-03-07 22:17:43] WS5-3                       Sat Mar  7 22:17:43 2026  570.211.01
[2026-03-07 22:17:43] [0] NVIDIA GeForce RTX 3090 | 53°C,  27 % |   395 / 24576 MB | ubuntu-user(138M) ubuntu-user(25M) ubuntu-user(33M) ubuntu-user(169M)
[2026-03-07 22:17:44] WS5-3                       Sat Mar  7 22:17:44 2026  570.211.01
[2026-03-07 22:17:44] [0] NVIDIA GeForce RTX 3090 | 52°C,   3 % |   391 / 24576 MB | ubuntu-user(138M) ubuntu-user(25M) ubuntu-user(33M) ubuntu-user(165M)
[2026-03-07 22:17:45] WS5-3                       Sat Mar  7 22:17:45 2026  570.211.01
[2026-03-07 22:17:45] [0] NVIDIA GeForce RTX 3090 | 52°C,   2 % |   391 / 24576 MB | ubuntu-user(138M) ubuntu-user(25M) ubuntu-user(33M) ubuntu-user(165M)
[2026-03-07 22:17:46] WS5-3                       Sat Mar  7 22:17:46 2026  570.211.01
[2026-03-07 22:17:46] [0] NVIDIA GeForce RTX 3090 | 54°C,   1 % |   392 / 24576 MB | ubuntu-user(138M) ubuntu-user(25M) ubuntu-user(33M) ubuntu-user(165M)
[2026-03-07 22:17:47] WS5-3                       Sat Mar  7 22:17:47 2026  570.211.01
[2026-03-07 22:17:47] [0] NVIDIA GeForce RTX 3090 | 56°C,   0 % |   391 / 24576 MB | ubuntu-user(138M) ubuntu-user(25M) ubuntu-user(33M) ubuntu-user(165M)
[2026-03-07 22:17:48] WS5-3                       Sat Mar  7 22:17:48 2026  570.211.01
[2026-03-07 22:17:48] [0] NVIDIA GeForce RTX 3090 | 54°C,   4 % |   388 / 24576 MB | ubuntu-user(138M) ubuntu-user(25M) ubuntu-user(33M) ubuntu-user(163M)
[2026-03-07 22:17:49] WS5-3                       Sat Mar  7 22:17:49 2026  570.211.01
[2026-03-07 22:17:49] [0] NVIDIA GeForce RTX 3090 | 53°C,   5 % |   395 / 24576 MB | ubuntu-user(138M) ubuntu-user(25M) ubuntu-user(33M) ubuntu-user(168M)
[2026-03-07 22:17:50] WS5-3                       Sat Mar  7 22:17:50 2026  570.211.01
[2026-03-07 22:17:50] [0] NVIDIA GeForce RTX 3090 | 52°C,   0 % |   409 / 24576 MB | ubuntu-user(138M) ubuntu-user(25M) ubuntu-user(33M) ubuntu-user(182M)
[2026-03-07 22:17:51] WS5-3                       Sat Mar  7 22:17:51 2026  570.211.01
[2026-03-07 22:17:51] [0] NVIDIA GeForce RTX 3090 | 53°C,  29 % |   411 / 24576 MB | ubuntu-user(138M) ubuntu-user(25M) ubuntu-user(33M) ubuntu-user(184M)
[2026-03-07 22:17:52] WS5-3                       Sat Mar  7 22:17:52 2026  570.211.01
[2026-03-07 22:17:52] [0] NVIDIA GeForce RTX 3090 | 53°C,   0 % |   409 / 24576 MB | ubuntu-user(138M) ubuntu-user(25M) ubuntu-user(33M) ubuntu-user(182M)
[2026-03-07 22:17:53] WS5-3                       Sat Mar  7 22:17:53 2026  570.211.01
[2026-03-07 22:17:53] [0] NVIDIA GeForce RTX 3090 | 52°C,   0 % |   408 / 24576 MB | ubuntu-user(138M) ubuntu-user(25M) ubuntu-user(33M) ubuntu-user(180M)
[2026-03-07 22:17:54] WS5-3                       Sat Mar  7 22:17:54 2026  570.211.01
[2026-03-07 22:17:54] [0] NVIDIA GeForce RTX 3090 | 52°C,   8 % |   404 / 24576 MB | ubuntu-user(138M) ubuntu-user(25M) ubuntu-user(33M) ubuntu-user(177M)
[2026-03-07 22:17:55] WS5-3                       Sat Mar  7 22:17:55 2026  570.211.01
[2026-03-07 22:17:55] [0] NVIDIA GeForce RTX 3090 | 52°C,   0 % |   395 / 24576 MB | ubuntu-user(138M) ubuntu-user(25M) ubuntu-user(33M) ubuntu-user(169M)
[2026-03-07 22:17:56] WS5-3                       Sat Mar  7 22:17:56 2026  570.211.01
[2026-03-07 22:17:56] [0] NVIDIA GeForce RTX 3090 | 52°C,   6 % |   390 / 24576 MB | ubuntu-user(138M) ubuntu-user(25M) ubuntu-user(33M) ubuntu-user(164M)
[2026-03-07 22:17:57] WS5-3                       Sat Mar  7 22:17:57 2026  570.211.01
[2026-03-07 22:17:57] [0] NVIDIA GeForce RTX 3090 | 52°C,   0 % |   391 / 24576 MB | ubuntu-user(138M) ubuntu-user(25M) ubuntu-user(33M) ubuntu-user(164M)
[2026-03-07 22:17:58] WS5-3                       Sat Mar  7 22:17:58 2026  570.211.01
[2026-03-07 22:17:58] [0] NVIDIA GeForce RTX 3090 | 53°C,   0 % |   390 / 24576 MB | ubuntu-user(138M) ubuntu-user(25M) ubuntu-user(33M) ubuntu-user(163M)
[2026-03-07 22:17:59] WS5-3                       Sat Mar  7 22:17:59 2026  570.211.01
[2026-03-07 22:17:59] [0] NVIDIA GeForce RTX 3090 | 52°C,   0 % |   390 / 24576 MB | ubuntu-user(138M) ubuntu-user(25M) ubuntu-user(33M) ubuntu-user(163M)
[2026-03-07 22:18:00] WS5-3                       Sat Mar  7 22:18:00 2026  570.211.01
[2026-03-07 22:18:00] [0] NVIDIA GeForce RTX 3090 | 52°C,   0 % |   390 / 24576 MB | ubuntu-user(138M) ubuntu-user(25M) ubuntu-user(33M) ubuntu-user(163M)
[2026-03-07 22:18:01] WS5-3                       Sat Mar  7 22:18:01 2026  570.211.01
[2026-03-07 22:18:01] [0] NVIDIA GeForce RTX 3090 | 52°C,   0 % |   390 / 24576 MB | ubuntu-user(138M) ubuntu-user(25M) ubuntu-user(33M) ubuntu-user(164M)
[2026-03-07 22:18:02] WS5-3                       Sat Mar  7 22:18:02 2026  570.211.01
[2026-03-07 22:18:02] [0] NVIDIA GeForce RTX 3090 | 52°C,   0 % |   390 / 24576 MB | ubuntu-user(138M) ubuntu-user(25M) ubuntu-user(33M) ubuntu-user(164M)
[2026-03-07 22:18:03] WS5-3                       Sat Mar  7 22:18:03 2026  570.211.01
[2026-03-07 22:18:03] [0] NVIDIA GeForce RTX 3090 | 52°C,   0 % |   390 / 24576 MB | ubuntu-user(138M) ubuntu-user(25M) ubuntu-user(33M) ubuntu-user(163M)
[2026-03-07 22:18:04] WS5-3                       Sat Mar  7 22:18:04 2026  570.211.01
[2026-03-07 22:18:04] [0] NVIDIA GeForce RTX 3090 | 52°C,   6 % |   390 / 24576 MB | ubuntu-user(138M) ubuntu-user(25M) ubuntu-user(33M) ubuntu-user(163M)
[2026-03-07 22:18:05] WS5-3                       Sat Mar  7 22:18:05 2026  570.211.01
[2026-03-07 22:18:05] [0] NVIDIA GeForce RTX 3090 | 52°C,  14 % |   399 / 24576 MB | ubuntu-user(138M) ubuntu-user(25M) ubuntu-user(33M) ubuntu-user(172M)
[2026-03-07 22:18:06] WS5-3                       Sat Mar  7 22:18:06 2026  570.211.01
[2026-03-07 22:18:06] [0] NVIDIA GeForce RTX 3090 | 52°C,  11 % |   399 / 24576 MB | ubuntu-user(138M) ubuntu-user(25M) ubuntu-user(33M) ubuntu-user(172M)
[2026-03-07 22:18:07] WS5-3                       Sat Mar  7 22:18:07 2026  570.211.01
[2026-03-07 22:18:07] [0] NVIDIA GeForce RTX 3090 | 52°C,   6 % |   410 / 24576 MB | ubuntu-user(138M) ubuntu-user(25M) ubuntu-user(33M) ubuntu-user(183M)
[2026-03-07 22:18:08] WS5-3                       Sat Mar  7 22:18:08 2026  570.211.01
[2026-03-07 22:18:08] [0] NVIDIA GeForce RTX 3090 | 52°C,   5 % |   409 / 24576 MB | ubuntu-user(138M) ubuntu-user(25M) ubuntu-user(33M) ubuntu-user(183M)
[2026-03-07 22:18:09] WS5-3                       Sat Mar  7 22:18:09 2026  570.211.01
[2026-03-07 22:18:09] [0] NVIDIA GeForce RTX 3090 | 52°C,   4 % |   408 / 24576 MB | ubuntu-user(138M) ubuntu-user(25M) ubuntu-user(33M) ubuntu-user(181M)
[2026-03-07 22:18:10] WS5-3                       Sat Mar  7 22:18:10 2026  570.211.01
[2026-03-07 22:18:10] [0] NVIDIA GeForce RTX 3090 | 52°C,   4 % |   405 / 24576 MB | ubuntu-user(138M) ubuntu-user(25M) ubuntu-user(33M) ubuntu-user(178M)
[2026-03-07 22:18:11] WS5-3                       Sat Mar  7 22:18:11 2026  570.211.01
[2026-03-07 22:18:11] [0] NVIDIA GeForce RTX 3090 | 52°C,   5 % |   404 / 24576 MB | ubuntu-user(138M) ubuntu-user(25M) ubuntu-user(33M) ubuntu-user(177M)
[2026-03-07 22:18:12] WS5-3                       Sat Mar  7 22:18:12 2026  570.211.01
[2026-03-07 22:18:12] [0] NVIDIA GeForce RTX 3090 | 52°C,   1 % |   404 / 24576 MB | ubuntu-user(138M) ubuntu-user(25M) ubuntu-user(33M) ubuntu-user(178M)
[2026-03-07 22:18:13] WS5-3                       Sat Mar  7 22:18:13 2026  570.211.01
[2026-03-07 22:18:13] [0] NVIDIA GeForce RTX 3090 | 52°C,   4 % |   392 / 24576 MB | ubuntu-user(138M) ubuntu-user(25M) ubuntu-user(33M) ubuntu-user(165M)
[2026-03-07 22:18:14] WS5-3                       Sat Mar  7 22:18:14 2026  570.211.01
[2026-03-07 22:18:14] [0] NVIDIA GeForce RTX 3090 | 51°C,   1 % |   392 / 24576 MB | ubuntu-user(138M) ubuntu-user(25M) ubuntu-user(33M) ubuntu-user(165M)
[2026-03-07 22:18:15] WS5-3                       Sat Mar  7 22:18:15 2026  570.211.01
[2026-03-07 22:18:15] [0] NVIDIA GeForce RTX 3090 | 52°C,   0 % |   392 / 24576 MB | ubuntu-user(138M) ubuntu-user(25M) ubuntu-user(33M) ubuntu-user(165M)
[2026-03-07 22:18:16] WS5-3                       Sat Mar  7 22:18:16 2026  570.211.01
[2026-03-07 22:18:16] [0] NVIDIA GeForce RTX 3090 | 52°C,   4 % |   392 / 24576 MB | ubuntu-user(138M) ubuntu-user(25M) ubuntu-user(33M) ubuntu-user(165M)
[2026-03-07 22:18:17] WS5-3                       Sat Mar  7 22:18:17 2026  570.211.01
[2026-03-07 22:18:17] [0] NVIDIA GeForce RTX 3090 | 51°C,   5 % |   392 / 24576 MB | ubuntu-user(138M) ubuntu-user(25M) ubuntu-user(33M) ubuntu-user(166M)
[2026-03-07 22:18:18] WS5-3                       Sat Mar  7 22:18:18 2026  570.211.01
[2026-03-07 22:18:18] [0] NVIDIA GeForce RTX 3090 | 52°C,  29 % |   394 / 24576 MB | ubuntu-user(138M) ubuntu-user(25M) ubuntu-user(33M) ubuntu-user(168M)
[2026-03-07 22:18:19] WS5-3                       Sat Mar  7 22:18:19 2026  570.211.01
[2026-03-07 22:18:19] [0] NVIDIA GeForce RTX 3090 | 52°C,  26 % |   394 / 24576 MB | ubuntu-user(138M) ubuntu-user(25M) ubuntu-user(33M) ubuntu-user(167M)
[2026-03-07 22:18:20] WS5-3                       Sat Mar  7 22:18:20 2026  570.211.01
[2026-03-07 22:18:20] [0] NVIDIA GeForce RTX 3090 | 52°C,  26 % |   394 / 24576 MB | ubuntu-user(138M) ubuntu-user(25M) ubuntu-user(33M) ubuntu-user(167M)
[2026-03-07 22:18:21] WS5-3                       Sat Mar  7 22:18:21 2026  570.211.01
[2026-03-07 22:18:21] [0] NVIDIA GeForce RTX 3090 | 52°C,   8 % |   394 / 24576 MB | ubuntu-user(138M) ubuntu-user(25M) ubuntu-user(33M) ubuntu-user(167M)
[2026-03-07 22:18:22] WS5-3                       Sat Mar  7 22:18:22 2026  570.211.01
[2026-03-07 22:18:22] [0] NVIDIA GeForce RTX 3090 | 52°C,   4 % |   395 / 24576 MB | ubuntu-user(138M) ubuntu-user(25M) ubuntu-user(33M) ubuntu-user(168M)
[2026-03-07 22:18:23] WS5-3                       Sat Mar  7 22:18:23 2026  570.211.01
[2026-03-07 22:18:23] [0] NVIDIA GeForce RTX 3090 | 52°C,   5 % |   395 / 24576 MB | ubuntu-user(138M) ubuntu-user(25M) ubuntu-user(33M) ubuntu-user(168M)
[2026-03-07 22:18:24] WS5-3                       Sat Mar  7 22:18:24 2026  570.211.01
[2026-03-07 22:18:24] [0] NVIDIA GeForce RTX 3090 | 52°C,  29 % |   416 / 24576 MB | ubuntu-user(138M) ubuntu-user(25M) ubuntu-user(33M) ubuntu-user(189M)
[2026-03-07 22:18:25] WS5-3                       Sat Mar  7 22:18:25 2026  570.211.01
[2026-03-07 22:18:25] [0] NVIDIA GeForce RTX 3090 | 52°C,  31 % |   418 / 24576 MB | ubuntu-user(138M) ubuntu-user(25M) ubuntu-user(33M) ubuntu-user(191M)
[2026-03-07 22:18:26] WS5-3                       Sat Mar  7 22:18:26 2026  570.211.01
[2026-03-07 22:18:26] [0] NVIDIA GeForce RTX 3090 | 52°C,  28 % |   417 / 24576 MB | ubuntu-user(138M) ubuntu-user(25M) ubuntu-user(33M) ubuntu-user(191M)
[2026-03-07 22:18:27] WS5-3                       Sat Mar  7 22:18:27 2026  570.211.01
[2026-03-07 22:18:27] [0] NVIDIA GeForce RTX 3090 | 51°C,   5 % |   418 / 24576 MB | ubuntu-user(138M) ubuntu-user(25M) ubuntu-user(33M) ubuntu-user(191M)
[2026-03-07 22:18:28] WS5-3                       Sat Mar  7 22:18:28 2026  570.211.01
[2026-03-07 22:18:28] [0] NVIDIA GeForce RTX 3090 | 52°C,  27 % |   423 / 24576 MB | ubuntu-user(138M) ubuntu-user(25M) ubuntu-user(33M) ubuntu-user(196M)
[2026-03-07 22:18:29] WS5-3                       Sat Mar  7 22:18:29 2026  570.211.01
[2026-03-07 22:18:29] [0] NVIDIA GeForce RTX 3090 | 52°C,  26 % |   419 / 24576 MB | ubuntu-user(138M) ubuntu-user(25M) ubuntu-user(33M) ubuntu-user(192M)
[2026-03-07 22:18:30] WS5-3                       Sat Mar  7 22:18:30 2026  570.211.01
[2026-03-07 22:18:30] [0] NVIDIA GeForce RTX 3090 | 52°C,  27 % |   418 / 24576 MB | ubuntu-user(138M) ubuntu-user(25M) ubuntu-user(33M) ubuntu-user(191M)
[2026-03-07 22:18:31] WS5-3                       Sat Mar  7 22:18:31 2026  570.211.01
[2026-03-07 22:18:31] [0] NVIDIA GeForce RTX 3090 | 52°C,  30 % |   419 / 24576 MB | ubuntu-user(138M) ubuntu-user(25M) ubuntu-user(33M) ubuntu-user(192M)
[2026-03-07 22:18:32] WS5-3                       Sat Mar  7 22:18:32 2026  570.211.01
[2026-03-07 22:18:32] [0] NVIDIA GeForce RTX 3090 | 52°C,  33 % |   419 / 24576 MB | ubuntu-user(138M) ubuntu-user(25M) ubuntu-user(33M) ubuntu-user(192M)
[2026-03-07 22:18:33] WS5-3                       Sat Mar  7 22:18:33 2026  570.211.01
[2026-03-07 22:18:33] [0] NVIDIA GeForce RTX 3090 | 52°C,  28 % |   407 / 24576 MB | ubuntu-user(138M) ubuntu-user(25M) ubuntu-user(33M) ubuntu-user(180M)
[2026-03-07 22:18:34] WS5-3                       Sat Mar  7 22:18:34 2026  570.211.01
[2026-03-07 22:18:34] [0] NVIDIA GeForce RTX 3090 | 52°C,   0 % |   405 / 24576 MB | ubuntu-user(138M) ubuntu-user(25M) ubuntu-user(33M) ubuntu-user(178M)
[2026-03-07 22:18:35] WS5-3                       Sat Mar  7 22:18:35 2026  570.211.01
[2026-03-07 22:18:35] [0] NVIDIA GeForce RTX 3090 | 52°C,  25 % |   406 / 24576 MB | ubuntu-user(138M) ubuntu-user(25M) ubuntu-user(33M) ubuntu-user(179M)
[2026-03-07 22:18:36] WS5-3                       Sat Mar  7 22:18:36 2026  570.211.01
[2026-03-07 22:18:36] [0] NVIDIA GeForce RTX 3090 | 52°C,  32 % |   408 / 24576 MB | ubuntu-user(138M) ubuntu-user(25M) ubuntu-user(33M) ubuntu-user(181M)
[2026-03-07 22:18:37] WS5-3                       Sat Mar  7 22:18:37 2026  570.211.01
[2026-03-07 22:18:37] [0] NVIDIA GeForce RTX 3090 | 52°C,  29 % |   407 / 24576 MB | ubuntu-user(138M) ubuntu-user(25M) ubuntu-user(33M) ubuntu-user(180M)
[2026-03-07 22:18:38] WS5-3                       Sat Mar  7 22:18:38 2026  570.211.01
[2026-03-07 22:18:38] [0] NVIDIA GeForce RTX 3090 | 52°C,  29 % |   407 / 24576 MB | ubuntu-user(138M) ubuntu-user(25M) ubuntu-user(33M) ubuntu-user(180M)
[2026-03-07 22:18:39] WS5-3                       Sat Mar  7 22:18:39 2026  570.211.01
[2026-03-07 22:18:39] [0] NVIDIA GeForce RTX 3090 | 52°C,  30 % |   381 / 24576 MB | ubuntu-user(138M) ubuntu-user(25M) ubuntu-user(33M) ubuntu-user(154M)
[2026-03-07 22:18:40] WS5-3                       Sat Mar  7 22:18:40 2026  570.211.01
[2026-03-07 22:18:40] [0] NVIDIA GeForce RTX 3090 | 52°C,  30 % |   367 / 24576 MB | ubuntu-user(138M) ubuntu-user(25M) ubuntu-user(33M) ubuntu-user(140M)
[2026-03-07 22:18:41] WS5-3                       Sat Mar  7 22:18:41 2026  570.211.01
[2026-03-07 22:18:41] [0] NVIDIA GeForce RTX 3090 | 52°C,  32 % |   367 / 24576 MB | ubuntu-user(138M) ubuntu-user(25M) ubuntu-user(33M) ubuntu-user(138M)
[2026-03-07 22:18:42] WS5-3                       Sat Mar  7 22:18:42 2026  570.211.01
[2026-03-07 22:18:42] [0] NVIDIA GeForce RTX 3090 | 52°C,  32 % |   371 / 24576 MB | ubuntu-user(138M) ubuntu-user(25M) ubuntu-user(33M) ubuntu-user(144M)
[2026-03-07 22:18:43] WS5-3                       Sat Mar  7 22:18:43 2026  570.211.01
[2026-03-07 22:18:43] [0] NVIDIA GeForce RTX 3090 | 52°C,  29 % |   392 / 24576 MB | ubuntu-user(138M) ubuntu-user(25M) ubuntu-user(33M) ubuntu-user(165M)
[2026-03-07 22:18:44] WS5-3                       Sat Mar  7 22:18:44 2026  570.211.01
[2026-03-07 22:18:44] [0] NVIDIA GeForce RTX 3090 | 52°C,  32 % |   391 / 24576 MB | ubuntu-user(138M) ubuntu-user(25M) ubuntu-user(33M) ubuntu-user(164M)
[2026-03-07 22:18:45] WS5-3                       Sat Mar  7 22:18:45 2026  570.211.01
[2026-03-07 22:18:45] [0] NVIDIA GeForce RTX 3090 | 52°C,  32 % |   390 / 24576 MB | ubuntu-user(138M) ubuntu-user(25M) ubuntu-user(33M) ubuntu-user(163M)
[2026-03-07 22:18:46] WS5-3                       Sat Mar  7 22:18:46 2026  570.211.01
[2026-03-07 22:18:46] [0] NVIDIA GeForce RTX 3090 | 54°C,   7 % |   390 / 24576 MB | ubuntu-user(138M) ubuntu-user(25M) ubuntu-user(33M) ubuntu-user(163M)
[2026-03-07 22:18:47] WS5-3                       Sat Mar  7 22:18:47 2026  570.211.01
[2026-03-07 22:18:47] [0] NVIDIA GeForce RTX 3090 | 55°C,   7 % |   390 / 24576 MB | ubuntu-user(138M) ubuntu-user(25M) ubuntu-user(33M) ubuntu-user(163M)
[2026-03-07 22:18:48] WS5-3                       Sat Mar  7 22:18:48 2026  570.211.01
[2026-03-07 22:18:48] [0] NVIDIA GeForce RTX 3090 | 53°C,  17 % |   375 / 24576 MB | ubuntu-user(138M) ubuntu-user(25M) ubuntu-user(33M) ubuntu-user(148M)
[2026-03-07 22:18:49] WS5-3                       Sat Mar  7 22:18:49 2026  570.211.01
[2026-03-07 22:18:49] [0] NVIDIA GeForce RTX 3090 | 53°C,  30 % |   377 / 24576 MB | ubuntu-user(138M) ubuntu-user(25M) ubuntu-user(33M) ubuntu-user(150M)
[2026-03-07 22:18:50] WS5-3                       Sat Mar  7 22:18:50 2026  570.211.01
[2026-03-07 22:18:50] [0] NVIDIA GeForce RTX 3090 | 52°C,   4 % |   377 / 24576 MB | ubuntu-user(138M) ubuntu-user(25M) ubuntu-user(33M) ubuntu-user(151M)
[2026-03-07 22:18:51] WS5-3                       Sat Mar  7 22:18:51 2026  570.211.01
[2026-03-07 22:18:51] [0] NVIDIA GeForce RTX 3090 | 52°C,  27 % |   398 / 24576 MB | ubuntu-user(138M) ubuntu-user(25M) ubuntu-user(33M) ubuntu-user(172M)
[2026-03-07 22:18:52] WS5-3                       Sat Mar  7 22:18:52 2026  570.211.01
[2026-03-07 22:18:52] [0] NVIDIA GeForce RTX 3090 | 52°C,  26 % |   399 / 24576 MB | ubuntu-user(138M) ubuntu-user(25M) ubuntu-user(33M) ubuntu-user(172M)
[2026-03-07 22:18:53] WS5-3                       Sat Mar  7 22:18:53 2026  570.211.01
[2026-03-07 22:18:53] [0] NVIDIA GeForce RTX 3090 | 53°C,  14 % |   401 / 24576 MB | ubuntu-user(138M) ubuntu-user(25M) ubuntu-user(33M) ubuntu-user(172M)
[2026-03-07 22:18:54] WS5-3                       Sat Mar  7 22:18:54 2026  570.211.01
[2026-03-07 22:18:54] [0] NVIDIA GeForce RTX 3090 | 53°C,  12 % |   401 / 24576 MB | ubuntu-user(138M) ubuntu-user(25M) ubuntu-user(33M) ubuntu-user(171M)
[2026-03-07 22:18:55] WS5-3                       Sat Mar  7 22:18:55 2026  570.211.01
[2026-03-07 22:18:55] [0] NVIDIA GeForce RTX 3090 | 53°C,  27 % |   400 / 24576 MB | ubuntu-user(138M) ubuntu-user(25M) ubuntu-user(33M) ubuntu-user(171M)
[2026-03-07 22:18:56] WS5-3                       Sat Mar  7 22:18:56 2026  570.211.01
[2026-03-07 22:18:56] [0] NVIDIA GeForce RTX 3090 | 52°C,  29 % |   388 / 24576 MB | ubuntu-user(138M) ubuntu-user(25M) ubuntu-user(33M) ubuntu-user(158M)
[2026-03-07 22:18:57] WS5-3                       Sat Mar  7 22:18:57 2026  570.211.01
[2026-03-07 22:18:57] [0] NVIDIA GeForce RTX 3090 | 52°C,   4 % |   388 / 24576 MB | ubuntu-user(138M) ubuntu-user(25M) ubuntu-user(33M) ubuntu-user(158M)
[2026-03-07 22:18:58] WS5-3                       Sat Mar  7 22:18:58 2026  570.211.01
[2026-03-07 22:18:58] [0] NVIDIA GeForce RTX 3090 | 52°C,  27 % |   404 / 24576 MB | ubuntu-user(138M) ubuntu-user(25M) ubuntu-user(33M) ubuntu-user(175M)
[2026-03-07 22:18:59] WS5-3                       Sat Mar  7 22:18:59 2026  570.211.01
[2026-03-07 22:18:59] [0] NVIDIA GeForce RTX 3090 | 52°C,  27 % |   403 / 24576 MB | ubuntu-user(138M) ubuntu-user(25M) ubuntu-user(33M) ubuntu-user(174M)
[2026-03-07 22:19:00] WS5-3                       Sat Mar  7 22:19:00 2026  570.211.01
[2026-03-07 22:19:00] [0] NVIDIA GeForce RTX 3090 | 52°C,  27 % |   403 / 24576 MB | ubuntu-user(138M) ubuntu-user(25M) ubuntu-user(33M) ubuntu-user(173M)
[2026-03-07 22:19:01] WS5-3                       Sat Mar  7 22:19:01 2026  570.211.01
[2026-03-07 22:19:01] [0] NVIDIA GeForce RTX 3090 | 52°C,  28 % |   403 / 24576 MB | ubuntu-user(138M) ubuntu-user(25M) ubuntu-user(33M) ubuntu-user(173M)
[2026-03-07 22:19:02] WS5-3                       Sat Mar  7 22:19:02 2026  570.211.01
[2026-03-07 22:19:02] [0] NVIDIA GeForce RTX 3090 | 52°C,  27 % |   401 / 24576 MB | ubuntu-user(138M) ubuntu-user(25M) ubuntu-user(33M) ubuntu-user(171M)
[2026-03-07 22:19:03] WS5-3                       Sat Mar  7 22:19:03 2026  570.211.01
[2026-03-07 22:19:03] [0] NVIDIA GeForce RTX 3090 | 52°C,  29 % |   383 / 24576 MB | ubuntu-user(138M) ubuntu-user(25M) ubuntu-user(33M) ubuntu-user(156M)
[2026-03-07 22:19:04] WS5-3                       Sat Mar  7 22:19:04 2026  570.211.01
[2026-03-07 22:19:04] [0] NVIDIA GeForce RTX 3090 | 52°C,  26 % |   383 / 24576 MB | ubuntu-user(138M) ubuntu-user(25M) ubuntu-user(33M) ubuntu-user(156M)
[2026-03-07 22:19:05] WS5-3                       Sat Mar  7 22:19:05 2026  570.211.01
[2026-03-07 22:19:05] [0] NVIDIA GeForce RTX 3090 | 52°C,  30 % |   406 / 24576 MB | ubuntu-user(138M) ubuntu-user(25M) ubuntu-user(33M) ubuntu-user(179M)
[2026-03-07 22:19:06] WS5-3                       Sat Mar  7 22:19:06 2026  570.211.01
[2026-03-07 22:19:06] [0] NVIDIA GeForce RTX 3090 | 52°C,  26 % |   405 / 24576 MB | ubuntu-user(138M) ubuntu-user(25M) ubuntu-user(33M) ubuntu-user(178M)
[2026-03-07 22:19:07] WS5-3                       Sat Mar  7 22:19:07 2026  570.211.01
[2026-03-07 22:19:07] [0] NVIDIA GeForce RTX 3090 | 52°C,  29 % |   405 / 24576 MB | ubuntu-user(138M) ubuntu-user(25M) ubuntu-user(33M) ubuntu-user(178M)
[2026-03-07 22:19:08] WS5-3                       Sat Mar  7 22:19:08 2026  570.211.01
[2026-03-07 22:19:08] [0] NVIDIA GeForce RTX 3090 | 52°C,  27 % |   404 / 24576 MB | ubuntu-user(138M) ubuntu-user(25M) ubuntu-user(33M) ubuntu-user(178M)
[2026-03-07 22:19:09] WS5-3                       Sat Mar  7 22:19:09 2026  570.211.01
[2026-03-07 22:19:09] [0] NVIDIA GeForce RTX 3090 | 52°C,  27 % |   404 / 24576 MB | ubuntu-user(138M) ubuntu-user(25M) ubuntu-user(33M) ubuntu-user(177M)
[2026-03-07 22:19:10] WS5-3                       Sat Mar  7 22:19:10 2026  570.211.01
[2026-03-07 22:19:10] [0] NVIDIA GeForce RTX 3090 | 52°C,  29 % |   387 / 24576 MB | ubuntu-user(138M) ubuntu-user(25M) ubuntu-user(33M) ubuntu-user(160M)
[2026-03-07 22:19:11] WS5-3                       Sat Mar  7 22:19:11 2026  570.211.01
[2026-03-07 22:19:11] [0] NVIDIA GeForce RTX 3090 | 52°C,   0 % |   390 / 24576 MB | ubuntu-user(138M) ubuntu-user(25M) ubuntu-user(33M) ubuntu-user(163M)
[2026-03-07 22:19:12] WS5-3                       Sat Mar  7 22:19:12 2026  570.211.01
[2026-03-07 22:19:12] [0] NVIDIA GeForce RTX 3090 | 52°C,  27 % |   390 / 24576 MB | ubuntu-user(138M) ubuntu-user(25M) ubuntu-user(33M) ubuntu-user(163M)
[2026-03-07 22:19:13] WS5-3                       Sat Mar  7 22:19:13 2026  570.211.01
[2026-03-07 22:19:13] [0] NVIDIA GeForce RTX 3090 | 51°C,   0 % |   389 / 24576 MB | ubuntu-user(138M) ubuntu-user(25M) ubuntu-user(33M) ubuntu-user(162M)
[2026-03-07 22:19:14] WS5-3                       Sat Mar  7 22:19:14 2026  570.211.01
[2026-03-07 22:19:14] [0] NVIDIA GeForce RTX 3090 | 51°C,   0 % |   389 / 24576 MB | ubuntu-user(138M) ubuntu-user(25M) ubuntu-user(33M) ubuntu-user(162M)
[2026-03-07 22:19:15] WS5-3                       Sat Mar  7 22:19:15 2026  570.211.01
[2026-03-07 22:19:15] [0] NVIDIA GeForce RTX 3090 | 51°C,   0 % |   388 / 24576 MB | ubuntu-user(138M) ubuntu-user(25M) ubuntu-user(33M) ubuntu-user(162M)
[2026-03-07 22:19:16] WS5-3                       Sat Mar  7 22:19:16 2026  570.211.01
[2026-03-07 22:19:16] [0] NVIDIA GeForce RTX 3090 | 52°C,  22 % |   389 / 24576 MB | ubuntu-user(138M) ubuntu-user(25M) ubuntu-user(33M) ubuntu-user(163M)
[2026-03-07 22:19:17] WS5-3                       Sat Mar  7 22:19:17 2026  570.211.01
[2026-03-07 22:19:17] [0] NVIDIA GeForce RTX 3090 | 52°C,  34 % |   412 / 24576 MB | ubuntu-user(138M) ubuntu-user(25M) ubuntu-user(33M) ubuntu-user(185M)
[2026-03-07 22:19:18] WS5-3                       Sat Mar  7 22:19:18 2026  570.211.01
[2026-03-07 22:19:18] [0] NVIDIA GeForce RTX 3090 | 52°C,  29 % |   411 / 24576 MB | ubuntu-user(138M) ubuntu-user(25M) ubuntu-user(33M) ubuntu-user(185M)
[2026-03-07 22:19:19] WS5-3                       Sat Mar  7 22:19:19 2026  570.211.01
[2026-03-07 22:19:19] [0] NVIDIA GeForce RTX 3090 | 52°C,  30 % |   410 / 24576 MB | ubuntu-user(138M) ubuntu-user(25M) ubuntu-user(33M) ubuntu-user(184M)
[2026-03-07 22:19:20] WS5-3                       Sat Mar  7 22:19:20 2026  570.211.01
[2026-03-07 22:19:20] [0] NVIDIA GeForce RTX 3090 | 52°C,  30 % |   410 / 24576 MB | ubuntu-user(138M) ubuntu-user(25M) ubuntu-user(33M) ubuntu-user(183M)
[2026-03-07 22:19:21] WS5-3                       Sat Mar  7 22:19:21 2026  570.211.01
[2026-03-07 22:19:21] [0] NVIDIA GeForce RTX 3090 | 52°C,  34 % |   409 / 24576 MB | ubuntu-user(138M) ubuntu-user(25M) ubuntu-user(33M) ubuntu-user(183M)
[2026-03-07 22:19:22] WS5-3                       Sat Mar  7 22:19:22 2026  570.211.01
[2026-03-07 22:19:22] [0] NVIDIA GeForce RTX 3090 | 52°C,  30 % |   392 / 24576 MB | ubuntu-user(138M) ubuntu-user(25M) ubuntu-user(33M) ubuntu-user(165M)
[2026-03-07 22:19:23] WS5-3                       Sat Mar  7 22:19:23 2026  570.211.01
[2026-03-07 22:19:23] [0] NVIDIA GeForce RTX 3090 | 52°C,  32 % |   392 / 24576 MB | ubuntu-user(138M) ubuntu-user(25M) ubuntu-user(33M) ubuntu-user(165M)
[2026-03-07 22:19:24] WS5-3                       Sat Mar  7 22:19:24 2026  570.211.01
[2026-03-07 22:19:24] [0] NVIDIA GeForce RTX 3090 | 52°C,  30 % |   386 / 24576 MB | ubuntu-user(138M) ubuntu-user(25M) ubuntu-user(33M) ubuntu-user(159M)
[2026-03-07 22:19:25] WS5-3                       Sat Mar  7 22:19:25 2026  570.211.01
[2026-03-07 22:19:25] [0] NVIDIA GeForce RTX 3090 | 51°C,   9 % |   398 / 24576 MB | ubuntu-user(138M) ubuntu-user(25M) ubuntu-user(33M) ubuntu-user(171M)
[2026-03-07 22:19:26] WS5-3                       Sat Mar  7 22:19:26 2026  570.211.01
[2026-03-07 22:19:26] [0] NVIDIA GeForce RTX 3090 | 52°C,  25 % |   421 / 24576 MB | ubuntu-user(138M) ubuntu-user(25M) ubuntu-user(33M) ubuntu-user(195M)
[2026-03-07 22:19:27] WS5-3                       Sat Mar  7 22:19:27 2026  570.211.01
[2026-03-07 22:19:27] [0] NVIDIA GeForce RTX 3090 | 52°C,   5 % |   423 / 24576 MB | ubuntu-user(138M) ubuntu-user(25M) ubuntu-user(33M) ubuntu-user(196M)
[2026-03-07 22:19:28] WS5-3                       Sat Mar  7 22:19:28 2026  570.211.01
[2026-03-07 22:19:28] [0] NVIDIA GeForce RTX 3090 | 52°C,  25 % |   422 / 24576 MB | ubuntu-user(138M) ubuntu-user(25M) ubuntu-user(33M) ubuntu-user(195M)
[2026-03-07 22:19:29] WS5-3                       Sat Mar  7 22:19:29 2026  570.211.01
[2026-03-07 22:19:29] [0] NVIDIA GeForce RTX 3090 | 51°C,   0 % |   421 / 24576 MB | ubuntu-user(138M) ubuntu-user(25M) ubuntu-user(33M) ubuntu-user(195M)
[2026-03-07 22:19:30] WS5-3                       Sat Mar  7 22:19:30 2026  570.211.01
[2026-03-07 22:19:30] [0] NVIDIA GeForce RTX 3090 | 51°C,   0 % |   375 / 24576 MB | ubuntu-user(138M) ubuntu-user(25M) ubuntu-user(33M) ubuntu-user(148M)
[2026-03-07 22:19:31] WS5-3                       Sat Mar  7 22:19:31 2026  570.211.01
[2026-03-07 22:19:31] [0] NVIDIA GeForce RTX 3090 | 52°C,  28 % |   361 / 24576 MB | ubuntu-user(138M) ubuntu-user(25M) ubuntu-user(33M) ubuntu-user(134M)
[2026-03-07 22:19:32] WS5-3                       Sat Mar  7 22:19:32 2026  570.211.01
[2026-03-07 22:19:32] [0] NVIDIA GeForce RTX 3090 | 52°C,  24 % |   363 / 24576 MB | ubuntu-user(138M) ubuntu-user(25M) ubuntu-user(33M) ubuntu-user(136M)
[2026-03-07 22:19:33] WS5-3                       Sat Mar  7 22:19:33 2026  570.211.01
[2026-03-07 22:19:33] [0] NVIDIA GeForce RTX 3090 | 52°C,  30 % |   362 / 24576 MB | ubuntu-user(138M) ubuntu-user(25M) ubuntu-user(33M) ubuntu-user(136M)
[2026-03-07 22:19:34] WS5-3                       Sat Mar  7 22:19:34 2026  570.211.01
[2026-03-07 22:19:34] [0] NVIDIA GeForce RTX 3090 | 51°C,   0 % |   373 / 24576 MB | ubuntu-user(138M) ubuntu-user(25M) ubuntu-user(33M) ubuntu-user(146M)
[2026-03-07 22:19:35] WS5-3                       Sat Mar  7 22:19:35 2026  570.211.01
[2026-03-07 22:19:35] [0] NVIDIA GeForce RTX 3090 | 52°C,  26 % |   398 / 24576 MB | ubuntu-user(138M) ubuntu-user(25M) ubuntu-user(33M) ubuntu-user(171M)
[2026-03-07 22:19:36] WS5-3                       Sat Mar  7 22:19:36 2026  570.211.01
[2026-03-07 22:19:36] [0] NVIDIA GeForce RTX 3090 | 51°C,  21 % |   397 / 24576 MB | ubuntu-user(138M) ubuntu-user(25M) ubuntu-user(33M) ubuntu-user(170M)
[2026-03-07 22:19:37] WS5-3                       Sat Mar  7 22:19:37 2026  570.211.01
[2026-03-07 22:19:37] [0] NVIDIA GeForce RTX 3090 | 52°C,  26 % |   397 / 24576 MB | ubuntu-user(138M) ubuntu-user(25M) ubuntu-user(33M) ubuntu-user(168M)
[2026-03-07 22:19:38] WS5-3                       Sat Mar  7 22:19:38 2026  570.211.01
[2026-03-07 22:19:38] [0] NVIDIA GeForce RTX 3090 | 51°C,   5 % |   398 / 24576 MB | ubuntu-user(138M) ubuntu-user(25M) ubuntu-user(33M) ubuntu-user(168M)
[2026-03-07 22:19:39] WS5-3                       Sat Mar  7 22:19:39 2026  570.211.01
[2026-03-07 22:19:39] [0] NVIDIA GeForce RTX 3090 | 51°C,   0 % |   390 / 24576 MB | ubuntu-user(138M) ubuntu-user(25M) ubuntu-user(33M) ubuntu-user(161M)
[2026-03-07 22:19:40] WS5-3                       Sat Mar  7 22:19:40 2026  570.211.01
[2026-03-07 22:19:40] [0] NVIDIA GeForce RTX 3090 | 51°C,   0 % |   335 / 24576 MB | ubuntu-user(138M) ubuntu-user(25M) ubuntu-user(33M) ubuntu-user(105M)
[2026-03-07 22:19:41] WS5-3                       Sat Mar  7 22:19:41 2026  570.211.01
[2026-03-07 22:19:41] [0] NVIDIA GeForce RTX 3090 | 51°C,   4 % |   334 / 24576 MB | ubuntu-user(138M) ubuntu-user(25M) ubuntu-user(33M) ubuntu-user(104M)
[2026-03-07 22:19:42] WS5-3                       Sat Mar  7 22:19:42 2026  570.211.01
[2026-03-07 22:19:42] [0] NVIDIA GeForce RTX 3090 | 51°C,   0 % |   337 / 24576 MB | ubuntu-user(138M) ubuntu-user(25M) ubuntu-user(33M) ubuntu-user(108M)
[2026-03-07 22:19:43] WS5-3                       Sat Mar  7 22:19:43 2026  570.211.01
[2026-03-07 22:19:43] [0] NVIDIA GeForce RTX 3090 | 51°C,  25 % |   358 / 24576 MB | ubuntu-user(138M) ubuntu-user(25M) ubuntu-user(33M) ubuntu-user(128M)
[2026-03-07 22:19:44] WS5-3                       Sat Mar  7 22:19:44 2026  570.211.01
[2026-03-07 22:19:44] [0] NVIDIA GeForce RTX 3090 | 52°C,  26 % |   376 / 24576 MB | ubuntu-user(138M) ubuntu-user(25M) ubuntu-user(33M) ubuntu-user(146M)
[2026-03-07 22:19:45] WS5-3                       Sat Mar  7 22:19:45 2026  570.211.01
[2026-03-07 22:19:45] [0] NVIDIA GeForce RTX 3090 | 52°C,  25 % |   374 / 24576 MB | ubuntu-user(138M) ubuntu-user(25M) ubuntu-user(33M) ubuntu-user(144M)
[2026-03-07 22:19:46] WS5-3                       Sat Mar  7 22:19:46 2026  570.211.01
[2026-03-07 22:19:46] [0] NVIDIA GeForce RTX 3090 | 53°C,   7 % |   374 / 24576 MB | ubuntu-user(138M) ubuntu-user(25M) ubuntu-user(33M) ubuntu-user(145M)
[2026-03-07 22:19:47] WS5-3                       Sat Mar  7 22:19:47 2026  570.211.01
[2026-03-07 22:19:47] [0] NVIDIA GeForce RTX 3090 | 55°C,   7 % |   376 / 24576 MB | ubuntu-user(138M) ubuntu-user(25M) ubuntu-user(33M) ubuntu-user(146M)
[2026-03-07 22:19:48] WS5-3                       Sat Mar  7 22:19:48 2026  570.211.01
[2026-03-07 22:19:48] [0] NVIDIA GeForce RTX 3090 | 53°C,  17 % |   374 / 24576 MB | ubuntu-user(138M) ubuntu-user(25M) ubuntu-user(33M) ubuntu-user(144M)
[2026-03-07 22:19:49] WS5-3                       Sat Mar  7 22:19:49 2026  570.211.01
[2026-03-07 22:19:49] [0] NVIDIA GeForce RTX 3090 | 52°C,  25 % |   359 / 24576 MB | ubuntu-user(138M) ubuntu-user(25M) ubuntu-user(33M) ubuntu-user(129M)
[2026-03-07 22:19:50] WS5-3                       Sat Mar  7 22:19:50 2026  570.211.01
[2026-03-07 22:19:50] [0] NVIDIA GeForce RTX 3090 | 51°C,   4 % |   361 / 24576 MB | ubuntu-user(138M) ubuntu-user(25M) ubuntu-user(33M) ubuntu-user(131M)
[2026-03-07 22:19:51] WS5-3                       Sat Mar  7 22:19:51 2026  570.211.01
[2026-03-07 22:19:51] [0] NVIDIA GeForce RTX 3090 | 52°C,  29 % |   382 / 24576 MB | ubuntu-user(138M) ubuntu-user(25M) ubuntu-user(33M) ubuntu-user(152M)
[2026-03-07 22:19:52] WS5-3                       Sat Mar  7 22:19:52 2026  570.211.01
[2026-03-07 22:19:52] [0] NVIDIA GeForce RTX 3090 | 52°C,  27 % |   380 / 24576 MB | ubuntu-user(138M) ubuntu-user(25M) ubuntu-user(33M) ubuntu-user(150M)
[2026-03-07 22:19:53] WS5-3                       Sat Mar  7 22:19:53 2026  570.211.01
[2026-03-07 22:19:53] [0] NVIDIA GeForce RTX 3090 | 52°C,  27 % |   379 / 24576 MB | ubuntu-user(138M) ubuntu-user(25M) ubuntu-user(33M) ubuntu-user(150M)
[2026-03-07 22:19:54] WS5-3                       Sat Mar  7 22:19:54 2026  570.211.01
[2026-03-07 22:19:54] [0] NVIDIA GeForce RTX 3090 | 52°C,  28 % |   379 / 24576 MB | ubuntu-user(138M) ubuntu-user(25M) ubuntu-user(33M) ubuntu-user(150M)
[2026-03-07 22:19:55] WS5-3                       Sat Mar  7 22:19:55 2026  570.211.01
[2026-03-07 22:19:55] [0] NVIDIA GeForce RTX 3090 | 52°C,  28 % |   378 / 24576 MB | ubuntu-user(138M) ubuntu-user(25M) ubuntu-user(33M) ubuntu-user(148M)
[2026-03-07 22:19:56] WS5-3                       Sat Mar  7 22:19:56 2026  570.211.01
[2026-03-07 22:19:56] [0] NVIDIA GeForce RTX 3090 | 52°C,  27 % |   364 / 24576 MB | ubuntu-user(138M) ubuntu-user(25M) ubuntu-user(33M) ubuntu-user(135M)
[2026-03-07 22:19:57] WS5-3                       Sat Mar  7 22:19:57 2026  570.211.01
[2026-03-07 22:19:57] [0] NVIDIA GeForce RTX 3090 | 52°C,  27 % |   364 / 24576 MB | ubuntu-user(138M) ubuntu-user(25M) ubuntu-user(33M) ubuntu-user(134M)
[2026-03-07 22:19:58] WS5-3                       Sat Mar  7 22:19:58 2026  570.211.01
[2026-03-07 22:19:58] [0] NVIDIA GeForce RTX 3090 | 51°C,   5 % |   367 / 24576 MB | ubuntu-user(138M) ubuntu-user(25M) ubuntu-user(33M) ubuntu-user(137M)
[2026-03-07 22:19:59] WS5-3                       Sat Mar  7 22:19:59 2026  570.211.01
[2026-03-07 22:19:59] [0] NVIDIA GeForce RTX 3090 | 52°C,  29 % |   384 / 24576 MB | ubuntu-user(138M) ubuntu-user(25M) ubuntu-user(33M) ubuntu-user(154M)
[2026-03-07 22:20:00] WS5-3                       Sat Mar  7 22:20:00 2026  570.211.01
[2026-03-07 22:20:00] [0] NVIDIA GeForce RTX 3090 | 52°C,  25 % |   382 / 24576 MB | ubuntu-user(138M) ubuntu-user(25M) ubuntu-user(33M) ubuntu-user(153M)
[2026-03-07 22:20:01] WS5-3                       Sat Mar  7 22:20:01 2026  570.211.01
[2026-03-07 22:20:01] [0] NVIDIA GeForce RTX 3090 | 52°C,  29 % |   382 / 24576 MB | ubuntu-user(138M) ubuntu-user(25M) ubuntu-user(33M) ubuntu-user(152M)
[2026-03-07 22:20:02] WS5-3                       Sat Mar  7 22:20:02 2026  570.211.01
[2026-03-07 22:20:02] [0] NVIDIA GeForce RTX 3090 | 52°C,  29 % |   380 / 24576 MB | ubuntu-user(138M) ubuntu-user(25M) ubuntu-user(33M) ubuntu-user(151M)
[2026-03-07 22:20:03] WS5-3                       Sat Mar  7 22:20:03 2026  570.211.01
[2026-03-07 22:20:03] [0] NVIDIA GeForce RTX 3090 | 52°C,  28 % |   380 / 24576 MB | ubuntu-user(138M) ubuntu-user(25M) ubuntu-user(33M) ubuntu-user(150M)
[2026-03-07 22:20:04] WS5-3                       Sat Mar  7 22:20:04 2026  570.211.01
[2026-03-07 22:20:04] [0] NVIDIA GeForce RTX 3090 | 52°C,  29 % |   364 / 24576 MB | ubuntu-user(138M) ubuntu-user(25M) ubuntu-user(33M) ubuntu-user(134M)
[2026-03-07 22:20:05] WS5-3                       Sat Mar  7 22:20:05 2026  570.211.01
[2026-03-07 22:20:05] [0] NVIDIA GeForce RTX 3090 | 52°C,  28 % |   364 / 24576 MB | ubuntu-user(138M) ubuntu-user(25M) ubuntu-user(33M) ubuntu-user(134M)
[2026-03-07 22:20:06] WS5-3                       Sat Mar  7 22:20:06 2026  570.211.01
[2026-03-07 22:20:06] [0] NVIDIA GeForce RTX 3090 | 52°C,  28 % |   368 / 24576 MB | ubuntu-user(138M) ubuntu-user(25M) ubuntu-user(33M) ubuntu-user(139M)
[2026-03-07 22:20:07] WS5-3                       Sat Mar  7 22:20:07 2026  570.211.01
[2026-03-07 22:20:07] [0] NVIDIA GeForce RTX 3090 | 52°C,  30 % |   389 / 24576 MB | ubuntu-user(138M) ubuntu-user(25M) ubuntu-user(33M) ubuntu-user(159M)
[2026-03-07 22:20:08] WS5-3                       Sat Mar  7 22:20:08 2026  570.211.01
[2026-03-07 22:20:08] [0] NVIDIA GeForce RTX 3090 | 52°C,  29 % |   388 / 24576 MB | ubuntu-user(138M) ubuntu-user(25M) ubuntu-user(33M) ubuntu-user(158M)
[2026-03-07 22:20:09] WS5-3                       Sat Mar  7 22:20:09 2026  570.211.01
[2026-03-07 22:20:09] [0] NVIDIA GeForce RTX 3090 | 52°C,  28 % |   387 / 24576 MB | ubuntu-user(138M) ubuntu-user(25M) ubuntu-user(33M) ubuntu-user(158M)
[2026-03-07 22:20:10] WS5-3                       Sat Mar  7 22:20:10 2026  570.211.01
[2026-03-07 22:20:10] [0] NVIDIA GeForce RTX 3090 | 52°C,  27 % |   387 / 24576 MB | ubuntu-user(138M) ubuntu-user(25M) ubuntu-user(33M) ubuntu-user(157M)
[2026-03-07 22:20:11] WS5-3                       Sat Mar  7 22:20:11 2026  570.211.01
[2026-03-07 22:20:11] [0] NVIDIA GeForce RTX 3090 | 52°C,  30 % |   385 / 24576 MB | ubuntu-user(138M) ubuntu-user(25M) ubuntu-user(33M) ubuntu-user(155M)
[2026-03-07 22:20:12] WS5-3                       Sat Mar  7 22:20:12 2026  570.211.01
[2026-03-07 22:20:12] [0] NVIDIA GeForce RTX 3090 | 52°C,  27 % |   367 / 24576 MB | ubuntu-user(138M) ubuntu-user(25M) ubuntu-user(33M) ubuntu-user(138M)
[2026-03-07 22:20:13] WS5-3                       Sat Mar  7 22:20:13 2026  570.211.01
[2026-03-07 22:20:13] [0] NVIDIA GeForce RTX 3090 | 52°C,  28 % |   368 / 24576 MB | ubuntu-user(138M) ubuntu-user(25M) ubuntu-user(33M) ubuntu-user(138M)
[2026-03-07 22:20:14] WS5-3                       Sat Mar  7 22:20:14 2026  570.211.01
[2026-03-07 22:20:14] [0] NVIDIA GeForce RTX 3090 | 52°C,  27 % |   362 / 24576 MB | ubuntu-user(138M) ubuntu-user(25M) ubuntu-user(33M) ubuntu-user(132M)
[2026-03-07 22:20:15] WS5-3                       Sat Mar  7 22:20:15 2026  570.211.01
[2026-03-07 22:20:15] [0] NVIDIA GeForce RTX 3090 | 51°C,   0 % |   374 / 24576 MB | ubuntu-user(138M) ubuntu-user(25M) ubuntu-user(33M) ubuntu-user(145M)
[2026-03-07 22:20:16] WS5-3                       Sat Mar  7 22:20:16 2026  570.211.01
[2026-03-07 22:20:16] [0] NVIDIA GeForce RTX 3090 | 52°C,  23 % |   393 / 24576 MB | ubuntu-user(138M) ubuntu-user(25M) ubuntu-user(33M) ubuntu-user(163M)
[2026-03-07 22:20:17] WS5-3                       Sat Mar  7 22:20:17 2026  570.211.01
[2026-03-07 22:20:17] [0] NVIDIA GeForce RTX 3090 | 52°C,  25 % |   388 / 24576 MB | ubuntu-user(138M) ubuntu-user(25M) ubuntu-user(33M) ubuntu-user(158M)
[2026-03-07 22:20:18] WS5-3                       Sat Mar  7 22:20:18 2026  570.211.01
[2026-03-07 22:20:18] [0] NVIDIA GeForce RTX 3090 | 51°C,   0 % |   388 / 24576 MB | ubuntu-user(138M) ubuntu-user(25M) ubuntu-user(33M) ubuntu-user(158M)
[2026-03-07 22:20:19] WS5-3                       Sat Mar  7 22:20:19 2026  570.211.01
[2026-03-07 22:20:19] [0] NVIDIA GeForce RTX 3090 | 52°C,  22 % |   389 / 24576 MB | ubuntu-user(138M) ubuntu-user(25M) ubuntu-user(33M) ubuntu-user(159M)
[2026-03-07 22:20:20] WS5-3                       Sat Mar  7 22:20:20 2026  570.211.01
[2026-03-07 22:20:20] [0] NVIDIA GeForce RTX 3090 | 52°C,  28 % |   385 / 24576 MB | ubuntu-user(138M) ubuntu-user(25M) ubuntu-user(33M) ubuntu-user(156M)
[2026-03-07 22:20:21] WS5-3                       Sat Mar  7 22:20:21 2026  570.211.01
[2026-03-07 22:20:21] [0] NVIDIA GeForce RTX 3090 | 51°C,   4 % |   382 / 24576 MB | ubuntu-user(138M) ubuntu-user(25M) ubuntu-user(33M) ubuntu-user(152M)
[2026-03-07 22:20:22] WS5-3                       Sat Mar  7 22:20:22 2026  570.211.01
[2026-03-07 22:20:22] [0] NVIDIA GeForce RTX 3090 | 52°C,  11 % |   390 / 24576 MB | ubuntu-user(138M) ubuntu-user(25M) ubuntu-user(33M) ubuntu-user(160M)
[2026-03-07 22:20:23] WS5-3                       Sat Mar  7 22:20:23 2026  570.211.01
[2026-03-07 22:20:23] [0] NVIDIA GeForce RTX 3090 | 51°C,   8 % |   390 / 24576 MB | ubuntu-user(138M) ubuntu-user(25M) ubuntu-user(33M) ubuntu-user(161M)
[2026-03-07 22:20:24] WS5-3                       Sat Mar  7 22:20:24 2026  570.211.01
[2026-03-07 22:20:24] [0] NVIDIA GeForce RTX 3090 | 52°C,  16 % |   385 / 24576 MB | ubuntu-user(138M) ubuntu-user(25M) ubuntu-user(33M) ubuntu-user(155M)
[2026-03-07 22:20:25] WS5-3                       Sat Mar  7 22:20:25 2026  570.211.01
[2026-03-07 22:20:25] [0] NVIDIA GeForce RTX 3090 | 51°C,  10 % |   384 / 24576 MB | ubuntu-user(138M) ubuntu-user(25M) ubuntu-user(33M) ubuntu-user(155M)
[2026-03-07 22:20:26] WS5-3                       Sat Mar  7 22:20:26 2026  570.211.01
[2026-03-07 22:20:26] [0] NVIDIA GeForce RTX 3090 | 51°C,  11 % |   384 / 24576 MB | ubuntu-user(138M) ubuntu-user(25M) ubuntu-user(33M) ubuntu-user(155M)
[2026-03-07 22:20:27] WS5-3                       Sat Mar  7 22:20:27 2026  570.211.01
[2026-03-07 22:20:27] [0] NVIDIA GeForce RTX 3090 | 52°C,  26 % |   381 / 24576 MB | ubuntu-user(138M) ubuntu-user(25M) ubuntu-user(33M) ubuntu-user(152M)
[2026-03-07 22:20:28] WS5-3                       Sat Mar  7 22:20:28 2026  570.211.01
[2026-03-07 22:20:28] [0] NVIDIA GeForce RTX 3090 | 52°C,  14 % |   380 / 24576 MB | ubuntu-user(138M) ubuntu-user(25M) ubuntu-user(33M) ubuntu-user(150M)
[2026-03-07 22:20:29] WS5-3                       Sat Mar  7 22:20:29 2026  570.211.01
[2026-03-07 22:20:29] [0] NVIDIA GeForce RTX 3090 | 52°C,  30 % |   380 / 24576 MB | ubuntu-user(138M) ubuntu-user(25M) ubuntu-user(33M) ubuntu-user(151M)
[2026-03-07 22:20:30] WS5-3                       Sat Mar  7 22:20:30 2026  570.211.01
[2026-03-07 22:20:30] [0] NVIDIA GeForce RTX 3090 | 51°C,   6 % |   374 / 24576 MB | ubuntu-user(138M) ubuntu-user(25M) ubuntu-user(33M) ubuntu-user(144M)
[2026-03-07 22:20:31] WS5-3                       Sat Mar  7 22:20:31 2026  570.211.01
[2026-03-07 22:20:31] [0] NVIDIA GeForce RTX 3090 | 51°C,  13 % |   379 / 24576 MB | ubuntu-user(138M) ubuntu-user(25M) ubuntu-user(33M) ubuntu-user(150M)
[2026-03-07 22:20:32] WS5-3                       Sat Mar  7 22:20:32 2026  570.211.01
[2026-03-07 22:20:32] [0] NVIDIA GeForce RTX 3090 | 52°C,  10 % |   381 / 24576 MB | ubuntu-user(138M) ubuntu-user(25M) ubuntu-user(33M) ubuntu-user(151M)
[2026-03-07 22:20:33] WS5-3                       Sat Mar  7 22:20:33 2026  570.211.01
[2026-03-07 22:20:33] [0] NVIDIA GeForce RTX 3090 | 51°C,   9 % |   379 / 24576 MB | ubuntu-user(138M) ubuntu-user(25M) ubuntu-user(33M) ubuntu-user(149M)
[2026-03-07 22:20:34] WS5-3                       Sat Mar  7 22:20:34 2026  570.211.01
[2026-03-07 22:20:34] [0] NVIDIA GeForce RTX 3090 | 51°C,  10 % |   378 / 24576 MB | ubuntu-user(138M) ubuntu-user(25M) ubuntu-user(33M) ubuntu-user(149M)
[2026-03-07 22:20:35] WS5-3                       Sat Mar  7 22:20:35 2026  570.211.01
[2026-03-07 22:20:35] [0] NVIDIA GeForce RTX 3090 | 51°C,   0 % |   378 / 24576 MB | ubuntu-user(138M) ubuntu-user(25M) ubuntu-user(33M) ubuntu-user(148M)
[2026-03-07 22:20:36] WS5-3                       Sat Mar  7 22:20:36 2026  570.211.01
[2026-03-07 22:20:36] [0] NVIDIA GeForce RTX 3090 | 51°C,   0 % |   374 / 24576 MB | ubuntu-user(138M) ubuntu-user(25M) ubuntu-user(33M) ubuntu-user(144M)
[2026-03-07 22:20:37] WS5-3                       Sat Mar  7 22:20:37 2026  570.211.01
[2026-03-07 22:20:37] [0] NVIDIA GeForce RTX 3090 | 51°C,   0 % |   372 / 24576 MB | ubuntu-user(138M) ubuntu-user(25M) ubuntu-user(33M) ubuntu-user(143M)
[2026-03-07 22:20:38] WS5-3                       Sat Mar  7 22:20:38 2026  570.211.01
[2026-03-07 22:20:38] [0] NVIDIA GeForce RTX 3090 | 51°C,   0 % |   373 / 24576 MB | ubuntu-user(138M) ubuntu-user(25M) ubuntu-user(33M) ubuntu-user(143M)
[2026-03-07 22:20:39] WS5-3                       Sat Mar  7 22:20:39 2026  570.211.01
[2026-03-07 22:20:39] [0] NVIDIA GeForce RTX 3090 | 50°C,   0 % |   373 / 24576 MB | ubuntu-user(138M) ubuntu-user(25M) ubuntu-user(33M) ubuntu-user(143M)
[2026-03-07 22:20:40] WS5-3                       Sat Mar  7 22:20:40 2026  570.211.01
[2026-03-07 22:20:40] [0] NVIDIA GeForce RTX 3090 | 50°C,   0 % |   362 / 24576 MB | ubuntu-user(138M) ubuntu-user(25M) ubuntu-user(33M) ubuntu-user(132M)
[2026-03-07 22:20:41] WS5-3                       Sat Mar  7 22:20:41 2026  570.211.01
[2026-03-07 22:20:41] [0] NVIDIA GeForce RTX 3090 | 50°C,   0 % |   362 / 24576 MB | ubuntu-user(138M) ubuntu-user(25M) ubuntu-user(33M) ubuntu-user(132M)
[2026-03-07 22:20:42] WS5-3                       Sat Mar  7 22:20:42 2026  570.211.01
[2026-03-07 22:20:42] [0] NVIDIA GeForce RTX 3090 | 50°C,   0 % |   362 / 24576 MB | ubuntu-user(138M) ubuntu-user(25M) ubuntu-user(33M) ubuntu-user(132M)
[2026-03-07 22:20:43] WS5-3                       Sat Mar  7 22:20:43 2026  570.211.01
[2026-03-07 22:20:43] [0] NVIDIA GeForce RTX 3090 | 50°C,   0 % |   362 / 24576 MB | ubuntu-user(138M) ubuntu-user(25M) ubuntu-user(33M) ubuntu-user(132M)
[2026-03-07 22:20:44] WS5-3                       Sat Mar  7 22:20:44 2026  570.211.01
[2026-03-07 22:20:44] [0] NVIDIA GeForce RTX 3090 | 50°C,   0 % |   362 / 24576 MB | ubuntu-user(138M) ubuntu-user(25M) ubuntu-user(33M) ubuntu-user(132M)
[2026-03-07 22:20:45] WS5-3                       Sat Mar  7 22:20:45 2026  570.211.01
[2026-03-07 22:20:45] [0] NVIDIA GeForce RTX 3090 | 50°C,   0 % |   362 / 24576 MB | ubuntu-user(138M) ubuntu-user(25M) ubuntu-user(33M) ubuntu-user(132M)
[2026-03-07 22:20:46] WS5-3                       Sat Mar  7 22:20:46 2026  570.211.01
[2026-03-07 22:20:46] [0] NVIDIA GeForce RTX 3090 | 53°C,   0 % |   362 / 24576 MB | ubuntu-user(138M) ubuntu-user(25M) ubuntu-user(33M) ubuntu-user(132M)
[2026-03-07 22:20:47] WS5-3                       Sat Mar  7 22:20:47 2026  570.211.01
[2026-03-07 22:20:47] [0] NVIDIA GeForce RTX 3090 | 54°C,   0 % |   362 / 24576 MB | ubuntu-user(138M) ubuntu-user(25M) ubuntu-user(33M) ubuntu-user(132M)
[2026-03-07 22:20:48] WS5-3                       Sat Mar  7 22:20:48 2026  570.211.01
[2026-03-07 22:20:48] [0] NVIDIA GeForce RTX 3090 | 51°C,   0 % |   362 / 24576 MB | ubuntu-user(138M) ubuntu-user(25M) ubuntu-user(33M) ubuntu-user(132M)
[2026-03-07 22:20:49] WS5-3                       Sat Mar  7 22:20:49 2026  570.211.01
[2026-03-07 22:20:49] [0] NVIDIA GeForce RTX 3090 | 51°C,   0 % |   362 / 24576 MB | ubuntu-user(138M) ubuntu-user(25M) ubuntu-user(33M) ubuntu-user(132M)
[2026-03-07 22:20:50] WS5-3                       Sat Mar  7 22:20:50 2026  570.211.01
[2026-03-07 22:20:50] [0] NVIDIA GeForce RTX 3090 | 50°C,   5 % |   362 / 24576 MB | ubuntu-user(138M) ubuntu-user(25M) ubuntu-user(33M) ubuntu-user(132M)
[2026-03-07 22:20:51] WS5-3                       Sat Mar  7 22:20:51 2026  570.211.01
[2026-03-07 22:20:51] [0] NVIDIA GeForce RTX 3090 | 50°C,   0 % |   362 / 24576 MB | ubuntu-user(138M) ubuntu-user(25M) ubuntu-user(33M) ubuntu-user(132M)
[2026-03-07 22:20:52] WS5-3                       Sat Mar  7 22:20:52 2026  570.211.01
[2026-03-07 22:20:52] [0] NVIDIA GeForce RTX 3090 | 50°C,   0 % |   362 / 24576 MB | ubuntu-user(138M) ubuntu-user(25M) ubuntu-user(33M) ubuntu-user(132M)
[2026-03-07 22:20:53] WS5-3                       Sat Mar  7 22:20:53 2026  570.211.01
[2026-03-07 22:20:53] [0] NVIDIA GeForce RTX 3090 | 50°C,   4 % |   358 / 24576 MB | ubuntu-user(138M) ubuntu-user(25M) ubuntu-user(33M) ubuntu-user(128M)
[2026-03-07 22:20:54] WS5-3                       Sat Mar  7 22:20:54 2026  570.211.01
[2026-03-07 22:20:54] [0] NVIDIA GeForce RTX 3090 | 50°C,   0 % |   358 / 24576 MB | ubuntu-user(138M) ubuntu-user(25M) ubuntu-user(33M) ubuntu-user(128M)
[2026-03-07 22:20:55] WS5-3                       Sat Mar  7 22:20:55 2026  570.211.01
[2026-03-07 22:20:55] [0] NVIDIA GeForce RTX 3090 | 50°C,   0 % |   358 / 24576 MB | ubuntu-user(138M) ubuntu-user(25M) ubuntu-user(33M) ubuntu-user(128M)
[2026-03-07 22:20:56] WS5-3                       Sat Mar  7 22:20:56 2026  570.211.01
[2026-03-07 22:20:56] [0] NVIDIA GeForce RTX 3090 | 50°C,   5 % |   358 / 24576 MB | ubuntu-user(138M) ubuntu-user(25M) ubuntu-user(33M) ubuntu-user(128M)
[2026-03-07 22:20:57] WS5-3                       Sat Mar  7 22:20:57 2026  570.211.01
[2026-03-07 22:20:57] [0] NVIDIA GeForce RTX 3090 | 50°C,   4 % |   359 / 24576 MB | ubuntu-user(138M) ubuntu-user(25M) ubuntu-user(33M) ubuntu-user(130M)
[2026-03-07 22:20:58] WS5-3                       Sat Mar  7 22:20:58 2026  570.211.01
[2026-03-07 22:20:58] [0] NVIDIA GeForce RTX 3090 | 50°C,   0 % |   359 / 24576 MB | ubuntu-user(138M) ubuntu-user(25M) ubuntu-user(33M) ubuntu-user(130M)
[2026-03-07 22:20:59] WS5-3                       Sat Mar  7 22:20:59 2026  570.211.01
[2026-03-07 22:20:59] [0] NVIDIA GeForce RTX 3090 | 50°C,  11 % |   362 / 24576 MB | ubuntu-user(138M) ubuntu-user(25M) ubuntu-user(33M) ubuntu-user(133M)
[2026-03-07 22:21:00] WS5-3                       Sat Mar  7 22:21:00 2026  570.211.01
[2026-03-07 22:21:00] [0] NVIDIA GeForce RTX 3090 | 50°C,   0 % |   361 / 24576 MB | ubuntu-user(138M) ubuntu-user(25M) ubuntu-user(33M) ubuntu-user(131M)
[2026-03-07 22:21:01] WS5-3                       Sat Mar  7 22:21:01 2026  570.211.01
[2026-03-07 22:21:01] [0] NVIDIA GeForce RTX 3090 | 50°C,   0 % |   361 / 24576 MB | ubuntu-user(138M) ubuntu-user(25M) ubuntu-user(33M) ubuntu-user(131M)
[2026-03-07 22:21:02] WS5-3                       Sat Mar  7 22:21:02 2026  570.211.01
[2026-03-07 22:21:02] [0] NVIDIA GeForce RTX 3090 | 50°C,   5 % |   361 / 24576 MB | ubuntu-user(138M) ubuntu-user(25M) ubuntu-user(33M) ubuntu-user(131M)
[2026-03-07 22:21:03] WS5-3                       Sat Mar  7 22:21:03 2026  570.211.01
[2026-03-07 22:21:03] [0] NVIDIA GeForce RTX 3090 | 50°C,   0 % |   360 / 24576 MB | ubuntu-user(138M) ubuntu-user(25M) ubuntu-user(33M) ubuntu-user(130M)
[2026-03-07 22:21:04] WS5-3                       Sat Mar  7 22:21:04 2026  570.211.01
[2026-03-07 22:21:04] [0] NVIDIA GeForce RTX 3090 | 50°C,   0 % |   355 / 24576 MB | ubuntu-user(138M) ubuntu-user(25M) ubuntu-user(33M) ubuntu-user(126M)
[2026-03-07 22:21:05] WS5-3                       Sat Mar  7 22:21:05 2026  570.211.01
[2026-03-07 22:21:05] [0] NVIDIA GeForce RTX 3090 | 50°C,   5 % |   355 / 24576 MB | ubuntu-user(138M) ubuntu-user(25M) ubuntu-user(33M) ubuntu-user(126M)
[2026-03-07 22:21:06] WS5-3                       Sat Mar  7 22:21:06 2026  570.211.01
[2026-03-07 22:21:06] [0] NVIDIA GeForce RTX 3090 | 50°C,   0 % |   355 / 24576 MB | ubuntu-user(138M) ubuntu-user(25M) ubuntu-user(33M) ubuntu-user(126M)
[2026-03-07 22:21:07] WS5-3                       Sat Mar  7 22:21:07 2026  570.211.01
[2026-03-07 22:21:07] [0] NVIDIA GeForce RTX 3090 | 50°C,   0 % |   355 / 24576 MB | ubuntu-user(138M) ubuntu-user(25M) ubuntu-user(33M) ubuntu-user(126M)
[2026-03-07 22:21:08] WS5-3                       Sat Mar  7 22:21:08 2026  570.211.01
[2026-03-07 22:21:08] [0] NVIDIA GeForce RTX 3090 | 50°C,   6 % |   355 / 24576 MB | ubuntu-user(138M) ubuntu-user(25M) ubuntu-user(33M) ubuntu-user(126M)
[2026-03-07 22:21:09] WS5-3                       Sat Mar  7 22:21:09 2026  570.211.01
[2026-03-07 22:21:09] [0] NVIDIA GeForce RTX 3090 | 50°C,   0 % |   355 / 24576 MB | ubuntu-user(138M) ubuntu-user(25M) ubuntu-user(33M) ubuntu-user(126M)
[2026-03-07 22:21:10] WS5-3                       Sat Mar  7 22:21:10 2026  570.211.01
[2026-03-07 22:21:10] [0] NVIDIA GeForce RTX 3090 | 50°C,   0 % |   355 / 24576 MB | ubuntu-user(138M) ubuntu-user(25M) ubuntu-user(33M) ubuntu-user(126M)
[2026-03-07 22:21:11] WS5-3                       Sat Mar  7 22:21:11 2026  570.211.01
[2026-03-07 22:21:11] [0] NVIDIA GeForce RTX 3090 | 50°C,   4 % |   355 / 24576 MB | ubuntu-user(138M) ubuntu-user(25M) ubuntu-user(33M) ubuntu-user(126M)
[2026-03-07 22:21:12] WS5-3                       Sat Mar  7 22:21:12 2026  570.211.01
[2026-03-07 22:21:12] [0] NVIDIA GeForce RTX 3090 | 50°C,   0 % |   355 / 24576 MB | ubuntu-user(138M) ubuntu-user(25M) ubuntu-user(33M) ubuntu-user(126M)
[2026-03-07 22:21:13] WS5-3                       Sat Mar  7 22:21:13 2026  570.211.01
[2026-03-07 22:21:13] [0] NVIDIA GeForce RTX 3090 | 50°C,   4 % |   355 / 24576 MB | ubuntu-user(138M) ubuntu-user(25M) ubuntu-user(33M) ubuntu-user(126M)
[2026-03-07 22:21:14] WS5-3                       Sat Mar  7 22:21:14 2026  570.211.01
[2026-03-07 22:21:14] [0] NVIDIA GeForce RTX 3090 | 50°C,  13 % |   353 / 24576 MB | ubuntu-user(138M) ubuntu-user(25M) ubuntu-user(33M) ubuntu-user(126M)
[2026-03-07 22:21:15] WS5-3                       Sat Mar  7 22:21:15 2026  570.211.01
[2026-03-07 22:21:15] [0] NVIDIA GeForce RTX 3090 | 50°C,  13 % |   353 / 24576 MB | ubuntu-user(138M) ubuntu-user(25M) ubuntu-user(33M) ubuntu-user(126M)
[2026-03-07 22:21:16] WS5-3                       Sat Mar  7 22:21:16 2026  570.211.01
[2026-03-07 22:21:16] [0] NVIDIA GeForce RTX 3090 | 51°C,  14 % |   355 / 24576 MB | ubuntu-user(138M) ubuntu-user(25M) ubuntu-user(33M) ubuntu-user(128M)
[2026-03-07 22:21:17] WS5-3                       Sat Mar  7 22:21:17 2026  570.211.01
[2026-03-07 22:21:17] [0] NVIDIA GeForce RTX 3090 | 51°C,  15 % |   357 / 24576 MB | ubuntu-user(138M) ubuntu-user(25M) ubuntu-user(33M) ubuntu-user(128M)
[2026-03-07 22:21:18] WS5-3                       Sat Mar  7 22:21:18 2026  570.211.01
[2026-03-07 22:21:18] [0] NVIDIA GeForce RTX 3090 | 50°C,   4 % |   358 / 24576 MB | ubuntu-user(138M) ubuntu-user(25M) ubuntu-user(33M) ubuntu-user(128M)
[2026-03-07 22:21:19] WS5-3                       Sat Mar  7 22:21:19 2026  570.211.01
[2026-03-07 22:21:19] [0] NVIDIA GeForce RTX 3090 | 50°C,   0 % |   357 / 24576 MB | ubuntu-user(138M) ubuntu-user(25M) ubuntu-user(33M) ubuntu-user(128M)
[2026-03-07 22:21:20] WS5-3                       Sat Mar  7 22:21:20 2026  570.211.01
[2026-03-07 22:21:20] [0] NVIDIA GeForce RTX 3090 | 50°C,   4 % |   357 / 24576 MB | ubuntu-user(138M) ubuntu-user(25M) ubuntu-user(33M) ubuntu-user(128M)
[2026-03-07 22:21:21] WS5-3                       Sat Mar  7 22:21:21 2026  570.211.01
[2026-03-07 22:21:21] [0] NVIDIA GeForce RTX 3090 | 50°C,   0 % |   357 / 24576 MB | ubuntu-user(138M) ubuntu-user(25M) ubuntu-user(33M) ubuntu-user(128M)
[2026-03-07 22:21:22] WS5-3                       Sat Mar  7 22:21:22 2026  570.211.01
[2026-03-07 22:21:22] [0] NVIDIA GeForce RTX 3090 | 50°C,  27 % |   358 / 24576 MB | ubuntu-user(138M) ubuntu-user(25M) ubuntu-user(33M) ubuntu-user(128M)
[2026-03-07 22:21:23] WS5-3                       Sat Mar  7 22:21:23 2026  570.211.01
[2026-03-07 22:21:23] [0] NVIDIA GeForce RTX 3090 | 50°C,   7 % |   358 / 24576 MB | ubuntu-user(138M) ubuntu-user(25M) ubuntu-user(33M) ubuntu-user(128M)
[2026-03-07 22:21:24] WS5-3                       Sat Mar  7 22:21:24 2026  570.211.01
[2026-03-07 22:21:24] [0] NVIDIA GeForce RTX 3090 | 49°C,   0 % |   358 / 24576 MB | ubuntu-user(138M) ubuntu-user(25M) ubuntu-user(33M) ubuntu-user(128M)
[2026-03-07 22:21:25] WS5-3                       Sat Mar  7 22:21:25 2026  570.211.01
[2026-03-07 22:21:25] [0] NVIDIA GeForce RTX 3090 | 50°C,  24 % |   358 / 24576 MB | ubuntu-user(138M) ubuntu-user(25M) ubuntu-user(33M) ubuntu-user(128M)
[2026-03-07 22:21:26] WS5-3                       Sat Mar  7 22:21:26 2026  570.211.01
[2026-03-07 22:21:26] [0] NVIDIA GeForce RTX 3090 | 50°C,   5 % |   357 / 24576 MB | ubuntu-user(138M) ubuntu-user(25M) ubuntu-user(33M) ubuntu-user(128M)
[2026-03-07 22:21:27] WS5-3                       Sat Mar  7 22:21:27 2026  570.211.01
[2026-03-07 22:21:27] [0] NVIDIA GeForce RTX 3090 | 50°C,   0 % |   357 / 24576 MB | ubuntu-user(138M) ubuntu-user(25M) ubuntu-user(33M) ubuntu-user(128M)
[2026-03-07 22:21:28] WS5-3                       Sat Mar  7 22:21:28 2026  570.211.01
[2026-03-07 22:21:28] [0] NVIDIA GeForce RTX 3090 | 50°C,   0 % |   355 / 24576 MB | ubuntu-user(138M) ubuntu-user(25M) ubuntu-user(33M) ubuntu-user(125M)
[2026-03-07 22:21:29] WS5-3                       Sat Mar  7 22:21:29 2026  570.211.01
[2026-03-07 22:21:29] [0] NVIDIA GeForce RTX 3090 | 50°C,   3 % |   355 / 24576 MB | ubuntu-user(138M) ubuntu-user(25M) ubuntu-user(33M) ubuntu-user(125M)
[2026-03-07 22:21:30] WS5-3                       Sat Mar  7 22:21:30 2026  570.211.01
[2026-03-07 22:21:30] [0] NVIDIA GeForce RTX 3090 | 50°C,   0 % |   354 / 24576 MB | ubuntu-user(138M) ubuntu-user(25M) ubuntu-user(33M) ubuntu-user(125M)
[2026-03-07 22:21:31] WS5-3                       Sat Mar  7 22:21:31 2026  570.211.01
[2026-03-07 22:21:31] [0] NVIDIA GeForce RTX 3090 | 49°C,   0 % |   353 / 24576 MB | ubuntu-user(138M) ubuntu-user(25M) ubuntu-user(33M) ubuntu-user(123M)
[2026-03-07 22:21:32] WS5-3                       Sat Mar  7 22:21:32 2026  570.211.01
[2026-03-07 22:21:32] [0] NVIDIA GeForce RTX 3090 | 50°C,   4 % |   353 / 24576 MB | ubuntu-user(138M) ubuntu-user(25M) ubuntu-user(33M) ubuntu-user(123M)
[2026-03-07 22:21:33] WS5-3                       Sat Mar  7 22:21:33 2026  570.211.01
[2026-03-07 22:21:33] [0] NVIDIA GeForce RTX 3090 | 49°C,   0 % |   353 / 24576 MB | ubuntu-user(138M) ubuntu-user(25M) ubuntu-user(33M) ubuntu-user(124M)
[2026-03-07 22:21:34] WS5-3                       Sat Mar  7 22:21:34 2026  570.211.01
[2026-03-07 22:21:34] [0] NVIDIA GeForce RTX 3090 | 49°C,   0 % |   353 / 24576 MB | ubuntu-user(138M) ubuntu-user(25M) ubuntu-user(33M) ubuntu-user(123M)
[2026-03-07 22:21:35] WS5-3                       Sat Mar  7 22:21:35 2026  570.211.01
[2026-03-07 22:21:35] [0] NVIDIA GeForce RTX 3090 | 50°C,   4 % |   353 / 24576 MB | ubuntu-user(138M) ubuntu-user(25M) ubuntu-user(33M) ubuntu-user(123M)
[2026-03-07 22:21:36] WS5-3                       Sat Mar  7 22:21:36 2026  570.211.01
[2026-03-07 22:21:36] [0] NVIDIA GeForce RTX 3090 | 49°C,   0 % |   353 / 24576 MB | ubuntu-user(138M) ubuntu-user(25M) ubuntu-user(33M) ubuntu-user(123M)
[2026-03-07 22:21:37] WS5-3                       Sat Mar  7 22:21:37 2026  570.211.01
[2026-03-07 22:21:37] [0] NVIDIA GeForce RTX 3090 | 49°C,   0 % |   353 / 24576 MB | ubuntu-user(138M) ubuntu-user(25M) ubuntu-user(33M) ubuntu-user(123M)
[2026-03-07 22:21:38] WS5-3                       Sat Mar  7 22:21:38 2026  570.211.01
[2026-03-07 22:21:38] [0] NVIDIA GeForce RTX 3090 | 49°C,   4 % |   353 / 24576 MB | ubuntu-user(138M) ubuntu-user(25M) ubuntu-user(33M) ubuntu-user(124M)
[2026-03-07 22:21:39] WS5-3                       Sat Mar  7 22:21:39 2026  570.211.01
[2026-03-07 22:21:39] [0] NVIDIA GeForce RTX 3090 | 49°C,   0 % |   353 / 24576 MB | ubuntu-user(138M) ubuntu-user(25M) ubuntu-user(33M) ubuntu-user(124M)
[2026-03-07 22:21:40] WS5-3                       Sat Mar  7 22:21:40 2026  570.211.01
[2026-03-07 22:21:40] [0] NVIDIA GeForce RTX 3090 | 49°C,   0 % |   353 / 24576 MB | ubuntu-user(138M) ubuntu-user(25M) ubuntu-user(33M) ubuntu-user(123M)
[2026-03-07 22:21:41] WS5-3                       Sat Mar  7 22:21:41 2026  570.211.01
[2026-03-07 22:21:41] [0] NVIDIA GeForce RTX 3090 | 50°C,  13 % |   353 / 24576 MB | ubuntu-user(138M) ubuntu-user(25M) ubuntu-user(33M) ubuntu-user(124M)
[2026-03-07 22:21:42] WS5-3                       Sat Mar  7 22:21:42 2026  570.211.01
[2026-03-07 22:21:42] [0] NVIDIA GeForce RTX 3090 | 50°C,  28 % |   353 / 24576 MB | ubuntu-user(138M) ubuntu-user(25M) ubuntu-user(33M) ubuntu-user(123M)
[2026-03-07 22:21:43] WS5-3                       Sat Mar  7 22:21:43 2026  570.211.01
[2026-03-07 22:21:43] [0] NVIDIA GeForce RTX 3090 | 49°C,   0 % |   353 / 24576 MB | ubuntu-user(138M) ubuntu-user(25M) ubuntu-user(33M) ubuntu-user(124M)
[2026-03-07 22:21:44] WS5-3                       Sat Mar  7 22:21:44 2026  570.211.01
[2026-03-07 22:21:44] [0] NVIDIA GeForce RTX 3090 | 50°C,  27 % |   354 / 24576 MB | ubuntu-user(138M) ubuntu-user(25M) ubuntu-user(33M) ubuntu-user(124M)
[2026-03-07 22:21:45] WS5-3                       Sat Mar  7 22:21:45 2026  570.211.01
[2026-03-07 22:21:45] [0] NVIDIA GeForce RTX 3090 | 49°C,   0 % |   353 / 24576 MB | ubuntu-user(138M) ubuntu-user(25M) ubuntu-user(33M) ubuntu-user(124M)
[2026-03-07 22:21:46] WS5-3                       Sat Mar  7 22:21:46 2026  570.211.01
[2026-03-07 22:21:46] [0] NVIDIA GeForce RTX 3090 | 52°C,   8 % |   353 / 24576 MB | ubuntu-user(138M) ubuntu-user(25M) ubuntu-user(33M) ubuntu-user(124M)
[2026-03-07 22:21:47] WS5-3                       Sat Mar  7 22:21:47 2026  570.211.01
[2026-03-07 22:21:47] [0] NVIDIA GeForce RTX 3090 | 53°C,   7 % |   353 / 24576 MB | ubuntu-user(138M) ubuntu-user(25M) ubuntu-user(33M) ubuntu-user(124M)
[2026-03-07 22:21:48] WS5-3                       Sat Mar  7 22:21:48 2026  570.211.01
[2026-03-07 22:21:48] [0] NVIDIA GeForce RTX 3090 | 50°C,   9 % |   354 / 24576 MB | ubuntu-user(138M) ubuntu-user(25M) ubuntu-user(33M) ubuntu-user(124M)
[2026-03-07 22:21:49] WS5-3                       Sat Mar  7 22:21:49 2026  570.211.01
[2026-03-07 22:21:49] [0] NVIDIA GeForce RTX 3090 | 50°C,   0 % |   354 / 24576 MB | ubuntu-user(138M) ubuntu-user(25M) ubuntu-user(33M) ubuntu-user(124M)
[2026-03-07 22:21:50] WS5-3                       Sat Mar  7 22:21:50 2026  570.211.01
[2026-03-07 22:21:50] [0] NVIDIA GeForce RTX 3090 | 50°C,   3 % |   353 / 24576 MB | ubuntu-user(138M) ubuntu-user(25M) ubuntu-user(33M) ubuntu-user(124M)
[2026-03-07 22:21:51] WS5-3                       Sat Mar  7 22:21:51 2026  570.211.01
[2026-03-07 22:21:51] [0] NVIDIA GeForce RTX 3090 | 49°C,   0 % |   353 / 24576 MB | ubuntu-user(138M) ubuntu-user(25M) ubuntu-user(33M) ubuntu-user(123M)
[2026-03-07 22:21:52] WS5-3                       Sat Mar  7 22:21:52 2026  570.211.01
[2026-03-07 22:21:52] [0] NVIDIA GeForce RTX 3090 | 50°C,  28 % |   353 / 24576 MB | ubuntu-user(138M) ubuntu-user(25M) ubuntu-user(33M) ubuntu-user(123M)
[2026-03-07 22:21:53] WS5-3                       Sat Mar  7 22:21:53 2026  570.211.01
[2026-03-07 22:21:53] [0] NVIDIA GeForce RTX 3090 | 50°C,   7 % |   354 / 24576 MB | ubuntu-user(138M) ubuntu-user(25M) ubuntu-user(33M) ubuntu-user(124M)
[2026-03-07 22:21:54] WS5-3                       Sat Mar  7 22:21:54 2026  570.211.01
[2026-03-07 22:21:54] [0] NVIDIA GeForce RTX 3090 | 49°C,   0 % |   353 / 24576 MB | ubuntu-user(138M) ubuntu-user(25M) ubuntu-user(33M) ubuntu-user(124M)
[2026-03-07 22:21:55] WS5-3                       Sat Mar  7 22:21:55 2026  570.211.01
[2026-03-07 22:21:55] [0] NVIDIA GeForce RTX 3090 | 49°C,   0 % |   353 / 24576 MB | ubuntu-user(138M) ubuntu-user(25M) ubuntu-user(33M) ubuntu-user(124M)
[2026-03-07 22:21:56] WS5-3                       Sat Mar  7 22:21:56 2026  570.211.01
[2026-03-07 22:21:56] [0] NVIDIA GeForce RTX 3090 | 50°C,  18 % |   361 / 24576 MB | ubuntu-user(138M) ubuntu-user(25M) ubuntu-user(33M) ubuntu-user(131M)
[2026-03-07 22:21:57] WS5-3                       Sat Mar  7 22:21:57 2026  570.211.01
[2026-03-07 22:21:57] [0] NVIDIA GeForce RTX 3090 | 49°C,   0 % |   361 / 24576 MB | ubuntu-user(138M) ubuntu-user(25M) ubuntu-user(33M) ubuntu-user(131M)
[2026-03-07 22:21:58] WS5-3                       Sat Mar  7 22:21:58 2026  570.211.01
[2026-03-07 22:21:58] [0] NVIDIA GeForce RTX 3090 | 50°C,  24 % |   375 / 24576 MB | ubuntu-user(138M) ubuntu-user(25M) ubuntu-user(33M) ubuntu-user(145M)
[2026-03-07 22:21:59] WS5-3                       Sat Mar  7 22:21:59 2026  570.211.01
[2026-03-07 22:21:59] [0] NVIDIA GeForce RTX 3090 | 49°C,   4 % |   375 / 24576 MB | ubuntu-user(138M) ubuntu-user(25M) ubuntu-user(33M) ubuntu-user(145M)
[2026-03-07 22:22:00] WS5-3                       Sat Mar  7 22:22:00 2026  570.211.01
[2026-03-07 22:22:00] [0] NVIDIA GeForce RTX 3090 | 49°C,   0 % |   373 / 24576 MB | ubuntu-user(138M) ubuntu-user(25M) ubuntu-user(33M) ubuntu-user(143M)
[2026-03-07 22:22:01] WS5-3                       Sat Mar  7 22:22:01 2026  570.211.01
[2026-03-07 22:22:01] [0] NVIDIA GeForce RTX 3090 | 49°C,   0 % |   367 / 24576 MB | ubuntu-user(138M) ubuntu-user(25M) ubuntu-user(33M) ubuntu-user(138M)
[2026-03-07 22:22:02] WS5-3                       Sat Mar  7 22:22:02 2026  570.211.01
[2026-03-07 22:22:02] [0] NVIDIA GeForce RTX 3090 | 49°C,   0 % |   367 / 24576 MB | ubuntu-user(138M) ubuntu-user(25M) ubuntu-user(33M) ubuntu-user(143M)
[2026-03-07 22:22:03] WS5-3                       Sat Mar  7 22:22:03 2026  570.211.01
[2026-03-07 22:22:03] [0] NVIDIA GeForce RTX 3090 | 50°C,   4 % |   362 / 24576 MB | ubuntu-user(138M) ubuntu-user(25M) ubuntu-user(33M) ubuntu-user(133M)
[2026-03-07 22:22:04] WS5-3                       Sat Mar  7 22:22:04 2026  570.211.01
[2026-03-07 22:22:04] [0] NVIDIA GeForce RTX 3090 | 50°C,  31 % |   357 / 24576 MB | ubuntu-user(138M) ubuntu-user(25M) ubuntu-user(33M) ubuntu-user(127M)
[2026-03-07 22:22:05] WS5-3                       Sat Mar  7 22:22:05 2026  570.211.01
[2026-03-07 22:22:05] [0] NVIDIA GeForce RTX 3090 | 49°C,   1 % |   357 / 24576 MB | ubuntu-user(138M) ubuntu-user(25M) ubuntu-user(33M) ubuntu-user(127M)
[2026-03-07 22:22:06] WS5-3                       Sat Mar  7 22:22:06 2026  570.211.01
[2026-03-07 22:22:06] [0] NVIDIA GeForce RTX 3090 | 49°C,   0 % |   357 / 24576 MB | ubuntu-user(138M) ubuntu-user(25M) ubuntu-user(33M) ubuntu-user(127M)
[2026-03-07 22:22:07] WS5-3                       Sat Mar  7 22:22:07 2026  570.211.01
[2026-03-07 22:22:07] [0] NVIDIA GeForce RTX 3090 | 49°C,   0 % |   356 / 24576 MB | ubuntu-user(138M) ubuntu-user(25M) ubuntu-user(33M) ubuntu-user(127M)
[2026-03-07 22:22:08] WS5-3                       Sat Mar  7 22:22:08 2026  570.211.01
[2026-03-07 22:22:08] [0] NVIDIA GeForce RTX 3090 | 50°C,  26 % |   368 / 24576 MB | ubuntu-user(138M) ubuntu-user(25M) ubuntu-user(33M) ubuntu-user(139M)
[2026-03-07 22:22:09] WS5-3                       Sat Mar  7 22:22:09 2026  570.211.01
[2026-03-07 22:22:09] [0] NVIDIA GeForce RTX 3090 | 50°C,  31 % |   369 / 24576 MB | ubuntu-user(138M) ubuntu-user(25M) ubuntu-user(33M) ubuntu-user(139M)
[2026-03-07 22:22:10] WS5-3                       Sat Mar  7 22:22:10 2026  570.211.01
[2026-03-07 22:22:10] [0] NVIDIA GeForce RTX 3090 | 50°C,  27 % |   367 / 24576 MB | ubuntu-user(138M) ubuntu-user(25M) ubuntu-user(33M) ubuntu-user(138M)
[2026-03-07 22:22:11] WS5-3                       Sat Mar  7 22:22:11 2026  570.211.01
[2026-03-07 22:22:11] [0] NVIDIA GeForce RTX 3090 | 50°C,  27 % |   367 / 24576 MB | ubuntu-user(138M) ubuntu-user(25M) ubuntu-user(33M) ubuntu-user(137M)
[2026-03-07 22:22:12] WS5-3                       Sat Mar  7 22:22:12 2026  570.211.01
[2026-03-07 22:22:12] [0] NVIDIA GeForce RTX 3090 | 49°C,   0 % |   362 / 24576 MB | ubuntu-user(138M) ubuntu-user(25M) ubuntu-user(33M) ubuntu-user(132M)
[2026-03-07 22:22:13] WS5-3                       Sat Mar  7 22:22:13 2026  570.211.01
[2026-03-07 22:22:13] [0] NVIDIA GeForce RTX 3090 | 50°C,  32 % |   363 / 24576 MB | ubuntu-user(138M) ubuntu-user(25M) ubuntu-user(33M) ubuntu-user(133M)
[2026-03-07 22:22:14] WS5-3                       Sat Mar  7 22:22:14 2026  570.211.01
[2026-03-07 22:22:14] [0] NVIDIA GeForce RTX 3090 | 50°C,  29 % |   363 / 24576 MB | ubuntu-user(138M) ubuntu-user(25M) ubuntu-user(33M) ubuntu-user(129M)
[2026-03-07 22:22:15] WS5-3                       Sat Mar  7 22:22:15 2026  570.211.01
[2026-03-07 22:22:15] [0] NVIDIA GeForce RTX 3090 | 49°C,   0 % |   355 / 24576 MB | ubuntu-user(138M) ubuntu-user(25M) ubuntu-user(33M) ubuntu-user(126M)
[2026-03-07 22:22:16] WS5-3                       Sat Mar  7 22:22:16 2026  570.211.01
[2026-03-07 22:22:16] [0] NVIDIA GeForce RTX 3090 | 49°C,   0 % |   354 / 24576 MB | ubuntu-user(138M) ubuntu-user(25M) ubuntu-user(33M) ubuntu-user(125M)
[2026-03-07 22:22:17] WS5-3                       Sat Mar  7 22:22:17 2026  570.211.01
[2026-03-07 22:22:17] [0] NVIDIA GeForce RTX 3090 | 49°C,   0 % |   354 / 24576 MB | ubuntu-user(138M) ubuntu-user(25M) ubuntu-user(33M) ubuntu-user(124M)
[2026-03-07 22:22:18] WS5-3                       Sat Mar  7 22:22:18 2026  570.211.01
[2026-03-07 22:22:18] [0] NVIDIA GeForce RTX 3090 | 50°C,  28 % |   352 / 24576 MB | ubuntu-user(138M) ubuntu-user(25M) ubuntu-user(33M) ubuntu-user(123M)
[2026-03-07 22:22:19] WS5-3                       Sat Mar  7 22:22:19 2026  570.211.01
[2026-03-07 22:22:19] [0] NVIDIA GeForce RTX 3090 | 49°C,  23 % |   354 / 24576 MB | ubuntu-user(138M) ubuntu-user(25M) ubuntu-user(33M) ubuntu-user(124M)
[2026-03-07 22:22:20] WS5-3                       Sat Mar  7 22:22:20 2026  570.211.01
[2026-03-07 22:22:20] [0] NVIDIA GeForce RTX 3090 | 49°C,  27 % |   353 / 24576 MB | ubuntu-user(138M) ubuntu-user(25M) ubuntu-user(33M) ubuntu-user(124M)
[2026-03-07 22:22:21] WS5-3                       Sat Mar  7 22:22:21 2026  570.211.01
[2026-03-07 22:22:21] [0] NVIDIA GeForce RTX 3090 | 49°C,   0 % |   353 / 24576 MB | ubuntu-user(138M) ubuntu-user(25M) ubuntu-user(33M) ubuntu-user(124M)
[2026-03-07 22:22:22] WS5-3                       Sat Mar  7 22:22:22 2026  570.211.01
[2026-03-07 22:22:22] [0] NVIDIA GeForce RTX 3090 | 49°C,   0 % |   348 / 24576 MB | ubuntu-user(138M) ubuntu-user(25M) ubuntu-user(33M) ubuntu-user(118M)
[2026-03-07 22:22:23] WS5-3                       Sat Mar  7 22:22:23 2026  570.211.01
[2026-03-07 22:22:23] [0] NVIDIA GeForce RTX 3090 | 49°C,   0 % |   348 / 24576 MB | ubuntu-user(138M) ubuntu-user(25M) ubuntu-user(33M) ubuntu-user(118M)
[2026-03-07 22:22:24] WS5-3                       Sat Mar  7 22:22:24 2026  570.211.01
[2026-03-07 22:22:24] [0] NVIDIA GeForce RTX 3090 | 49°C,   0 % |   348 / 24576 MB | ubuntu-user(138M) ubuntu-user(25M) ubuntu-user(33M) ubuntu-user(118M)
[2026-03-07 22:22:25] WS5-3                       Sat Mar  7 22:22:25 2026  570.211.01
[2026-03-07 22:22:25] [0] NVIDIA GeForce RTX 3090 | 49°C,   0 % |   345 / 24576 MB | ubuntu-user(138M) ubuntu-user(25M) ubuntu-user(33M) ubuntu-user(115M)
[2026-03-07 22:22:26] WS5-3                       Sat Mar  7 22:22:26 2026  570.211.01
[2026-03-07 22:22:26] [0] NVIDIA GeForce RTX 3090 | 49°C,   0 % |   345 / 24576 MB | ubuntu-user(138M) ubuntu-user(25M) ubuntu-user(33M) ubuntu-user(115M)
[2026-03-07 22:22:27] WS5-3                       Sat Mar  7 22:22:27 2026  570.211.01
[2026-03-07 22:22:27] [0] NVIDIA GeForce RTX 3090 | 49°C,   0 % |   345 / 24576 MB | ubuntu-user(138M) ubuntu-user(25M) ubuntu-user(33M) ubuntu-user(115M)
[2026-03-07 22:22:28] WS5-3                       Sat Mar  7 22:22:28 2026  570.211.01
[2026-03-07 22:22:28] [0] NVIDIA GeForce RTX 3090 | 49°C,   0 % |   345 / 24576 MB | ubuntu-user(138M) ubuntu-user(25M) ubuntu-user(33M) ubuntu-user(115M)
[2026-03-07 22:22:29] WS5-3                       Sat Mar  7 22:22:29 2026  570.211.01
[2026-03-07 22:22:29] [0] NVIDIA GeForce RTX 3090 | 49°C,   0 % |   345 / 24576 MB | ubuntu-user(138M) ubuntu-user(25M) ubuntu-user(33M) ubuntu-user(115M)
[2026-03-07 22:22:30] WS5-3                       Sat Mar  7 22:22:30 2026  570.211.01
[2026-03-07 22:22:30] [0] NVIDIA GeForce RTX 3090 | 48°C,   0 % |   345 / 24576 MB | ubuntu-user(138M) ubuntu-user(25M) ubuntu-user(33M) ubuntu-user(115M)
[2026-03-07 22:22:31] WS5-3                       Sat Mar  7 22:22:31 2026  570.211.01
[2026-03-07 22:22:31] [0] NVIDIA GeForce RTX 3090 | 49°C,   0 % |   344 / 24576 MB | ubuntu-user(138M) ubuntu-user(25M) ubuntu-user(33M) ubuntu-user(115M)
[2026-03-07 22:22:32] WS5-3                       Sat Mar  7 22:22:32 2026  570.211.01
[2026-03-07 22:22:32] [0] NVIDIA GeForce RTX 3090 | 48°C,   0 % |   344 / 24576 MB | ubuntu-user(138M) ubuntu-user(25M) ubuntu-user(33M) ubuntu-user(114M)
[2026-03-07 22:22:33] WS5-3                       Sat Mar  7 22:22:33 2026  570.211.01
[2026-03-07 22:22:33] [0] NVIDIA GeForce RTX 3090 | 48°C,   0 % |   344 / 24576 MB | ubuntu-user(138M) ubuntu-user(25M) ubuntu-user(33M) ubuntu-user(114M)
[2026-03-07 22:22:34] WS5-3                       Sat Mar  7 22:22:34 2026  570.211.01
[2026-03-07 22:22:34] [0] NVIDIA GeForce RTX 3090 | 49°C,   0 % |   345 / 24576 MB | ubuntu-user(138M) ubuntu-user(25M) ubuntu-user(33M) ubuntu-user(115M)
[2026-03-07 22:22:35] WS5-3                       Sat Mar  7 22:22:35 2026  570.211.01
[2026-03-07 22:22:35] [0] NVIDIA GeForce RTX 3090 | 48°C,   0 % |   345 / 24576 MB | ubuntu-user(138M) ubuntu-user(25M) ubuntu-user(33M) ubuntu-user(115M)
[2026-03-07 22:22:36] WS5-3                       Sat Mar  7 22:22:36 2026  570.211.01
[2026-03-07 22:22:36] [0] NVIDIA GeForce RTX 3090 | 48°C,   0 % |   344 / 24576 MB | ubuntu-user(138M) ubuntu-user(25M) ubuntu-user(33M) ubuntu-user(115M)
[2026-03-07 22:22:37] WS5-3                       Sat Mar  7 22:22:37 2026  570.211.01
[2026-03-07 22:22:37] [0] NVIDIA GeForce RTX 3090 | 48°C,   0 % |   344 / 24576 MB | ubuntu-user(138M) ubuntu-user(25M) ubuntu-user(33M) ubuntu-user(115M)
[2026-03-07 22:22:38] WS5-3                       Sat Mar  7 22:22:38 2026  570.211.01
[2026-03-07 22:22:38] [0] NVIDIA GeForce RTX 3090 | 48°C,   0 % |   344 / 24576 MB | ubuntu-user(138M) ubuntu-user(25M) ubuntu-user(33M) ubuntu-user(115M)
[2026-03-07 22:22:39] WS5-3                       Sat Mar  7 22:22:39 2026  570.211.01
[2026-03-07 22:22:39] [0] NVIDIA GeForce RTX 3090 | 48°C,   0 % |   345 / 24576 MB | ubuntu-user(138M) ubuntu-user(25M) ubuntu-user(33M) ubuntu-user(115M)
[2026-03-07 22:22:40] WS5-3                       Sat Mar  7 22:22:40 2026  570.211.01
[2026-03-07 22:22:40] [0] NVIDIA GeForce RTX 3090 | 48°C,   0 % |   344 / 24576 MB | ubuntu-user(138M) ubuntu-user(25M) ubuntu-user(33M) ubuntu-user(115M)
[2026-03-07 22:22:41] WS5-3                       Sat Mar  7 22:22:41 2026  570.211.01
[2026-03-07 22:22:41] [0] NVIDIA GeForce RTX 3090 | 48°C,   0 % |   344 / 24576 MB | ubuntu-user(138M) ubuntu-user(25M) ubuntu-user(33M) ubuntu-user(115M)
[2026-03-07 22:22:42] WS5-3                       Sat Mar  7 22:22:42 2026  570.211.01
[2026-03-07 22:22:42] [0] NVIDIA GeForce RTX 3090 | 48°C,   0 % |   344 / 24576 MB | ubuntu-user(138M) ubuntu-user(25M) ubuntu-user(33M) ubuntu-user(115M)
[2026-03-07 22:22:43] WS5-3                       Sat Mar  7 22:22:43 2026  570.211.01
[2026-03-07 22:22:43] [0] NVIDIA GeForce RTX 3090 | 48°C,   0 % |   344 / 24576 MB | ubuntu-user(138M) ubuntu-user(25M) ubuntu-user(33M) ubuntu-user(115M)
[2026-03-07 22:22:44] WS5-3                       Sat Mar  7 22:22:44 2026  570.211.01
[2026-03-07 22:22:44] [0] NVIDIA GeForce RTX 3090 | 48°C,   0 % |   345 / 24576 MB | ubuntu-user(138M) ubuntu-user(25M) ubuntu-user(33M) ubuntu-user(115M)
[2026-03-07 22:22:45] WS5-3                       Sat Mar  7 22:22:45 2026  570.211.01
[2026-03-07 22:22:45] [0] NVIDIA GeForce RTX 3090 | 48°C,   0 % |   344 / 24576 MB | ubuntu-user(138M) ubuntu-user(25M) ubuntu-user(33M) ubuntu-user(115M)
[2026-03-07 22:22:46] WS5-3                       Sat Mar  7 22:22:46 2026  570.211.01
[2026-03-07 22:22:46] [0] NVIDIA GeForce RTX 3090 | 51°C,   0 % |   344 / 24576 MB | ubuntu-user(138M) ubuntu-user(25M) ubuntu-user(33M) ubuntu-user(115M)
[2026-03-07 22:22:47] WS5-3                       Sat Mar  7 22:22:47 2026  570.211.01
[2026-03-07 22:22:47] [0] NVIDIA GeForce RTX 3090 | 51°C,   0 % |   344 / 24576 MB | ubuntu-user(138M) ubuntu-user(25M) ubuntu-user(33M) ubuntu-user(115M)
[2026-03-07 22:22:48] WS5-3                       Sat Mar  7 22:22:48 2026  570.211.01
[2026-03-07 22:22:48] [0] NVIDIA GeForce RTX 3090 | 52°C,   0 % |   344 / 24576 MB | ubuntu-user(138M) ubuntu-user(25M) ubuntu-user(33M) ubuntu-user(115M)
[2026-03-07 22:22:49] WS5-3                       Sat Mar  7 22:22:49 2026  570.211.01
[2026-03-07 22:22:49] [0] NVIDIA GeForce RTX 3090 | 48°C,   0 % |   345 / 24576 MB | ubuntu-user(138M) ubuntu-user(25M) ubuntu-user(33M) ubuntu-user(115M)
[2026-03-07 22:22:50] WS5-3                       Sat Mar  7 22:22:50 2026  570.211.01
[2026-03-07 22:22:50] [0] NVIDIA GeForce RTX 3090 | 48°C,   0 % |   344 / 24576 MB | ubuntu-user(138M) ubuntu-user(25M) ubuntu-user(33M) ubuntu-user(115M)
[2026-03-07 22:22:51] WS5-3                       Sat Mar  7 22:22:51 2026  570.211.01
[2026-03-07 22:22:51] [0] NVIDIA GeForce RTX 3090 | 49°C,   0 % |   342 / 24576 MB | ubuntu-user(138M) ubuntu-user(25M) ubuntu-user(33M) ubuntu-user(115M)
[2026-03-07 22:22:52] WS5-3                       Sat Mar  7 22:22:52 2026  570.211.01
[2026-03-07 22:22:52] [0] NVIDIA GeForce RTX 3090 | 48°C,   0 % |   342 / 24576 MB | ubuntu-user(138M) ubuntu-user(25M) ubuntu-user(33M) ubuntu-user(115M)
[2026-03-07 22:22:53] WS5-3                       Sat Mar  7 22:22:53 2026  570.211.01
[2026-03-07 22:22:53] [0] NVIDIA GeForce RTX 3090 | 48°C,   0 % |   342 / 24576 MB | ubuntu-user(138M) ubuntu-user(25M) ubuntu-user(33M) ubuntu-user(115M)
[2026-03-07 22:22:54] WS5-3                       Sat Mar  7 22:22:54 2026  570.211.01
[2026-03-07 22:22:54] [0] NVIDIA GeForce RTX 3090 | 48°C,   0 % |   342 / 24576 MB | ubuntu-user(138M) ubuntu-user(25M) ubuntu-user(33M) ubuntu-user(116M)
[2026-03-07 22:22:55] WS5-3                       Sat Mar  7 22:22:55 2026  570.211.01
[2026-03-07 22:22:55] [0] NVIDIA GeForce RTX 3090 | 48°C,   0 % |   342 / 24576 MB | ubuntu-user(138M) ubuntu-user(25M) ubuntu-user(33M) ubuntu-user(115M)
[2026-03-07 22:22:56] WS5-3                       Sat Mar  7 22:22:56 2026  570.211.01
[2026-03-07 22:22:56] [0] NVIDIA GeForce RTX 3090 | 48°C,   0 % |   342 / 24576 MB | ubuntu-user(138M) ubuntu-user(25M) ubuntu-user(33M) ubuntu-user(115M)
[2026-03-07 22:22:57] WS5-3                       Sat Mar  7 22:22:57 2026  570.211.01
[2026-03-07 22:22:57] [0] NVIDIA GeForce RTX 3090 | 48°C,   0 % |   341 / 24576 MB | ubuntu-user(138M) ubuntu-user(25M) ubuntu-user(33M) ubuntu-user(115M)
[2026-03-07 22:22:58] WS5-3                       Sat Mar  7 22:22:58 2026  570.211.01
[2026-03-07 22:22:58] [0] NVIDIA GeForce RTX 3090 | 48°C,   0 % |   341 / 24576 MB | ubuntu-user(138M) ubuntu-user(25M) ubuntu-user(33M) ubuntu-user(115M)
[2026-03-07 22:22:59] WS5-3                       Sat Mar  7 22:22:59 2026  570.211.01
[2026-03-07 22:22:59] [0] NVIDIA GeForce RTX 3090 | 48°C,   0 % |   342 / 24576 MB | ubuntu-user(138M) ubuntu-user(25M) ubuntu-user(33M) ubuntu-user(115M)
[2026-03-07 22:23:00] WS5-3                       Sat Mar  7 22:23:00 2026  570.211.01
[2026-03-07 22:23:00] [0] NVIDIA GeForce RTX 3090 | 49°C,  25 % |   342 / 24576 MB | ubuntu-user(138M) ubuntu-user(25M) ubuntu-user(33M) ubuntu-user(115M)
[2026-03-07 22:23:01] WS5-3                       Sat Mar  7 22:23:01 2026  570.211.01
[2026-03-07 22:23:01] [0] NVIDIA GeForce RTX 3090 | 48°C,   0 % |   350 / 24576 MB | ubuntu-user(138M) ubuntu-user(25M) ubuntu-user(33M) ubuntu-user(123M)
[2026-03-07 22:23:02] WS5-3                       Sat Mar  7 22:23:02 2026  570.211.01
[2026-03-07 22:23:02] [0] NVIDIA GeForce RTX 3090 | 48°C,   0 % |   345 / 24576 MB | ubuntu-user(138M) ubuntu-user(25M) ubuntu-user(33M) ubuntu-user(118M)
[2026-03-07 22:23:03] WS5-3                       Sat Mar  7 22:23:03 2026  570.211.01
[2026-03-07 22:23:03] [0] NVIDIA GeForce RTX 3090 | 49°C,  25 % |   359 / 24576 MB | ubuntu-user(138M) ubuntu-user(25M) ubuntu-user(33M) ubuntu-user(132M)
[2026-03-07 22:23:04] WS5-3                       Sat Mar  7 22:23:04 2026  570.211.01
[2026-03-07 22:23:04] [0] NVIDIA GeForce RTX 3090 | 49°C,  14 % |   360 / 24576 MB | ubuntu-user(138M) ubuntu-user(25M) ubuntu-user(33M) ubuntu-user(134M)
[2026-03-07 22:23:05] WS5-3                       Sat Mar  7 22:23:05 2026  570.211.01
[2026-03-07 22:23:05] [0] NVIDIA GeForce RTX 3090 | 49°C,   9 % |   354 / 24576 MB | ubuntu-user(138M) ubuntu-user(25M) ubuntu-user(33M) ubuntu-user(127M)
[2026-03-07 22:23:06] WS5-3                       Sat Mar  7 22:23:06 2026  570.211.01
[2026-03-07 22:23:06] [0] NVIDIA GeForce RTX 3090 | 49°C,  22 % |   352 / 24576 MB | ubuntu-user(138M) ubuntu-user(25M) ubuntu-user(33M) ubuntu-user(126M)
[2026-03-07 22:23:07] WS5-3                       Sat Mar  7 22:23:07 2026  570.211.01
[2026-03-07 22:23:07] [0] NVIDIA GeForce RTX 3090 | 48°C,   0 % |   352 / 24576 MB | ubuntu-user(138M) ubuntu-user(25M) ubuntu-user(33M) ubuntu-user(126M)
[2026-03-07 22:23:08] WS5-3                       Sat Mar  7 22:23:08 2026  570.211.01
[2026-03-07 22:23:08] [0] NVIDIA GeForce RTX 3090 | 48°C,   0 % |   352 / 24576 MB | ubuntu-user(138M) ubuntu-user(25M) ubuntu-user(33M) ubuntu-user(126M)
[2026-03-07 22:23:09] WS5-3                       Sat Mar  7 22:23:09 2026  570.211.01
[2026-03-07 22:23:09] [0] NVIDIA GeForce RTX 3090 | 48°C,   0 % |   347 / 24576 MB | ubuntu-user(138M) ubuntu-user(25M) ubuntu-user(33M) ubuntu-user(120M)
[2026-03-07 22:23:10] WS5-3                       Sat Mar  7 22:23:10 2026  570.211.01
[2026-03-07 22:23:10] [0] NVIDIA GeForce RTX 3090 | 48°C,   4 % |   346 / 24576 MB | ubuntu-user(138M) ubuntu-user(25M) ubuntu-user(33M) ubuntu-user(119M)
[2026-03-07 22:23:11] WS5-3                       Sat Mar  7 22:23:11 2026  570.211.01
[2026-03-07 22:23:11] [0] NVIDIA GeForce RTX 3090 | 49°C,  25 % |   353 / 24576 MB | ubuntu-user(138M) ubuntu-user(25M) ubuntu-user(33M) ubuntu-user(126M)
[2026-03-07 22:23:12] WS5-3                       Sat Mar  7 22:23:12 2026  570.211.01
[2026-03-07 22:23:12] [0] NVIDIA GeForce RTX 3090 | 49°C,  28 % |   353 / 24576 MB | ubuntu-user(138M) ubuntu-user(25M) ubuntu-user(33M) ubuntu-user(126M)
[2026-03-07 22:23:13] WS5-3                       Sat Mar  7 22:23:13 2026  570.211.01
[2026-03-07 22:23:13] [0] NVIDIA GeForce RTX 3090 | 48°C,   0 % |   347 / 24576 MB | ubuntu-user(138M) ubuntu-user(25M) ubuntu-user(33M) ubuntu-user(120M)
[2026-03-07 22:23:14] WS5-3                       Sat Mar  7 22:23:14 2026  570.211.01
[2026-03-07 22:23:14] [0] NVIDIA GeForce RTX 3090 | 48°C,   0 % |   347 / 24576 MB | ubuntu-user(138M) ubuntu-user(25M) ubuntu-user(33M) ubuntu-user(121M)
[2026-03-07 22:23:15] WS5-3                       Sat Mar  7 22:23:15 2026  570.211.01
[2026-03-07 22:23:15] [0] NVIDIA GeForce RTX 3090 | 48°C,   0 % |   347 / 24576 MB | ubuntu-user(138M) ubuntu-user(25M) ubuntu-user(33M) ubuntu-user(120M)
[2026-03-07 22:23:16] WS5-3                       Sat Mar  7 22:23:16 2026  570.211.01
[2026-03-07 22:23:16] [0] NVIDIA GeForce RTX 3090 | 48°C,   0 % |   344 / 24576 MB | ubuntu-user(138M) ubuntu-user(25M) ubuntu-user(33M) ubuntu-user(117M)
[2026-03-07 22:23:17] WS5-3                       Sat Mar  7 22:23:17 2026  570.211.01
[2026-03-07 22:23:17] [0] NVIDIA GeForce RTX 3090 | 49°C,  27 % |   344 / 24576 MB | ubuntu-user(138M) ubuntu-user(25M) ubuntu-user(33M) ubuntu-user(117M)
[2026-03-07 22:23:18] WS5-3                       Sat Mar  7 22:23:18 2026  570.211.01
[2026-03-07 22:23:18] [0] NVIDIA GeForce RTX 3090 | 49°C,  33 % |   350 / 24576 MB | ubuntu-user(138M) ubuntu-user(25M) ubuntu-user(33M) ubuntu-user(123M)
[2026-03-07 22:23:19] WS5-3                       Sat Mar  7 22:23:19 2026  570.211.01
[2026-03-07 22:23:19] [0] NVIDIA GeForce RTX 3090 | 49°C,  30 % |   352 / 24576 MB | ubuntu-user(138M) ubuntu-user(25M) ubuntu-user(33M) ubuntu-user(125M)
[2026-03-07 22:23:20] WS5-3                       Sat Mar  7 22:23:20 2026  570.211.01
[2026-03-07 22:23:20] [0] NVIDIA GeForce RTX 3090 | 48°C,   1 % |   353 / 24576 MB | ubuntu-user(138M) ubuntu-user(25M) ubuntu-user(33M) ubuntu-user(126M)
[2026-03-07 22:23:21] WS5-3                       Sat Mar  7 22:23:21 2026  570.211.01
[2026-03-07 22:23:21] [0] NVIDIA GeForce RTX 3090 | 48°C,   0 % |   352 / 24576 MB | ubuntu-user(138M) ubuntu-user(25M) ubuntu-user(33M) ubuntu-user(125M)
[2026-03-07 22:23:22] WS5-3                       Sat Mar  7 22:23:22 2026  570.211.01
[2026-03-07 22:23:22] [0] NVIDIA GeForce RTX 3090 | 48°C,   0 % |   347 / 24576 MB | ubuntu-user(138M) ubuntu-user(25M) ubuntu-user(33M) ubuntu-user(120M)
[2026-03-07 22:23:23] WS5-3                       Sat Mar  7 22:23:23 2026  570.211.01
[2026-03-07 22:23:23] [0] NVIDIA GeForce RTX 3090 | 48°C,   0 % |   347 / 24576 MB | ubuntu-user(138M) ubuntu-user(25M) ubuntu-user(33M) ubuntu-user(120M)
[2026-03-07 22:23:24] WS5-3                       Sat Mar  7 22:23:24 2026  570.211.01
[2026-03-07 22:23:24] [0] NVIDIA GeForce RTX 3090 | 49°C,  30 % |   354 / 24576 MB | ubuntu-user(138M) ubuntu-user(25M) ubuntu-user(33M) ubuntu-user(127M)
[2026-03-07 22:23:25] WS5-3                       Sat Mar  7 22:23:25 2026  570.211.01
[2026-03-07 22:23:25] [0] NVIDIA GeForce RTX 3090 | 48°C,   0 % |   355 / 24576 MB | ubuntu-user(138M) ubuntu-user(25M) ubuntu-user(33M) ubuntu-user(128M)
[2026-03-07 22:23:26] WS5-3                       Sat Mar  7 22:23:26 2026  570.211.01
[2026-03-07 22:23:26] [0] NVIDIA GeForce RTX 3090 | 48°C,   5 % |   349 / 24576 MB | ubuntu-user(138M) ubuntu-user(25M) ubuntu-user(33M) ubuntu-user(122M)
[2026-03-07 22:23:27] WS5-3                       Sat Mar  7 22:23:27 2026  570.211.01
[2026-03-07 22:23:27] [0] NVIDIA GeForce RTX 3090 | 49°C,  28 % |   348 / 24576 MB | ubuntu-user(138M) ubuntu-user(25M) ubuntu-user(33M) ubuntu-user(122M)
[2026-03-07 22:23:28] WS5-3                       Sat Mar  7 22:23:28 2026  570.211.01
[2026-03-07 22:23:28] [0] NVIDIA GeForce RTX 3090 | 48°C,   0 % |   348 / 24576 MB | ubuntu-user(138M) ubuntu-user(25M) ubuntu-user(33M) ubuntu-user(122M)
[2026-03-07 22:23:29] WS5-3                       Sat Mar  7 22:23:29 2026  570.211.01
[2026-03-07 22:23:29] [0] NVIDIA GeForce RTX 3090 | 49°C,  21 % |   354 / 24576 MB | ubuntu-user(138M) ubuntu-user(25M) ubuntu-user(33M) ubuntu-user(128M)
[2026-03-07 22:23:30] WS5-3                       Sat Mar  7 22:23:30 2026  570.211.01
[2026-03-07 22:23:30] [0] NVIDIA GeForce RTX 3090 | 48°C,   0 % |   353 / 24576 MB | ubuntu-user(138M) ubuntu-user(25M) ubuntu-user(33M) ubuntu-user(126M)
[2026-03-07 22:23:31] WS5-3                       Sat Mar  7 22:23:31 2026  570.211.01
[2026-03-07 22:23:31] [0] NVIDIA GeForce RTX 3090 | 49°C,  29 % |   350 / 24576 MB | ubuntu-user(138M) ubuntu-user(25M) ubuntu-user(33M) ubuntu-user(123M)
[2026-03-07 22:23:32] WS5-3                       Sat Mar  7 22:23:32 2026  570.211.01
[2026-03-07 22:23:32] [0] NVIDIA GeForce RTX 3090 | 48°C,   0 % |   349 / 24576 MB | ubuntu-user(138M) ubuntu-user(25M) ubuntu-user(33M) ubuntu-user(123M)
[2026-03-07 22:23:33] WS5-3                       Sat Mar  7 22:23:33 2026  570.211.01
[2026-03-07 22:23:33] [0] NVIDIA GeForce RTX 3090 | 48°C,   0 % |   349 / 24576 MB | ubuntu-user(138M) ubuntu-user(25M) ubuntu-user(33M) ubuntu-user(123M)
[2026-03-07 22:23:34] WS5-3                       Sat Mar  7 22:23:34 2026  570.211.01
[2026-03-07 22:23:34] [0] NVIDIA GeForce RTX 3090 | 48°C,  29 % |   357 / 24576 MB | ubuntu-user(138M) ubuntu-user(25M) ubuntu-user(33M) ubuntu-user(130M)
[2026-03-07 22:23:35] WS5-3                       Sat Mar  7 22:23:35 2026  570.211.01
[2026-03-07 22:23:35] [0] NVIDIA GeForce RTX 3090 | 48°C,   0 % |   357 / 24576 MB | ubuntu-user(138M) ubuntu-user(25M) ubuntu-user(33M) ubuntu-user(130M)
[2026-03-07 22:23:36] WS5-3                       Sat Mar  7 22:23:36 2026  570.211.01
[2026-03-07 22:23:36] [0] NVIDIA GeForce RTX 3090 | 48°C,   0 % |   356 / 24576 MB | ubuntu-user(138M) ubuntu-user(25M) ubuntu-user(33M) ubuntu-user(129M)
[2026-03-07 22:23:37] WS5-3                       Sat Mar  7 22:23:37 2026  570.211.01
[2026-03-07 22:23:37] [0] NVIDIA GeForce RTX 3090 | 48°C,   0 % |   351 / 24576 MB | ubuntu-user(138M) ubuntu-user(25M) ubuntu-user(33M) ubuntu-user(124M)
[2026-03-07 22:23:38] WS5-3                       Sat Mar  7 22:23:38 2026  570.211.01
[2026-03-07 22:23:38] [0] NVIDIA GeForce RTX 3090 | 48°C,   0 % |   351 / 24576 MB | ubuntu-user(138M) ubuntu-user(25M) ubuntu-user(33M) ubuntu-user(124M)
[2026-03-07 22:23:39] WS5-3                       Sat Mar  7 22:23:39 2026  570.211.01
[2026-03-07 22:23:39] [0] NVIDIA GeForce RTX 3090 | 47°C,   0 % |   351 / 24576 MB | ubuntu-user(138M) ubuntu-user(25M) ubuntu-user(33M) ubuntu-user(125M)
[2026-03-07 22:23:40] WS5-3                       Sat Mar  7 22:23:40 2026  570.211.01
[2026-03-07 22:23:40] [0] NVIDIA GeForce RTX 3090 | 48°C,  15 % |   344 / 24576 MB | ubuntu-user(138M) ubuntu-user(25M) ubuntu-user(33M) ubuntu-user(117M)
[2026-03-07 22:23:41] WS5-3                       Sat Mar  7 22:23:41 2026  570.211.01
[2026-03-07 22:23:41] [0] NVIDIA GeForce RTX 3090 | 48°C,   0 % |   344 / 24576 MB | ubuntu-user(138M) ubuntu-user(25M) ubuntu-user(33M) ubuntu-user(117M)
[2026-03-07 22:23:42] WS5-3                       Sat Mar  7 22:23:42 2026  570.211.01
[2026-03-07 22:23:42] [0] NVIDIA GeForce RTX 3090 | 48°C,  17 % |   346 / 24576 MB | ubuntu-user(138M) ubuntu-user(25M) ubuntu-user(33M) ubuntu-user(119M)
[2026-03-07 22:23:43] WS5-3                       Sat Mar  7 22:23:43 2026  570.211.01
[2026-03-07 22:23:43] [0] NVIDIA GeForce RTX 3090 | 48°C,   0 % |   348 / 24576 MB | ubuntu-user(138M) ubuntu-user(25M) ubuntu-user(33M) ubuntu-user(121M)
[2026-03-07 22:23:44] WS5-3                       Sat Mar  7 22:23:44 2026  570.211.01
[2026-03-07 22:23:44] [0] NVIDIA GeForce RTX 3090 | 48°C,   7 % |   346 / 24576 MB | ubuntu-user(138M) ubuntu-user(25M) ubuntu-user(33M) ubuntu-user(120M)
[2026-03-07 22:23:45] WS5-3                       Sat Mar  7 22:23:45 2026  570.211.01
[2026-03-07 22:23:45] [0] NVIDIA GeForce RTX 3090 | 48°C,   0 % |   346 / 24576 MB | ubuntu-user(138M) ubuntu-user(25M) ubuntu-user(33M) ubuntu-user(120M)
[2026-03-07 22:23:46] WS5-3                       Sat Mar  7 22:23:46 2026  570.211.01
[2026-03-07 22:23:46] [0] NVIDIA GeForce RTX 3090 | 51°C,   9 % |   348 / 24576 MB | ubuntu-user(138M) ubuntu-user(25M) ubuntu-user(33M) ubuntu-user(121M)
[2026-03-07 22:23:47] WS5-3                       Sat Mar  7 22:23:47 2026  570.211.01
[2026-03-07 22:23:47] [0] NVIDIA GeForce RTX 3090 | 51°C,   1 % |   346 / 24576 MB | ubuntu-user(138M) ubuntu-user(25M) ubuntu-user(33M) ubuntu-user(119M)
[2026-03-07 22:23:48] WS5-3                       Sat Mar  7 22:23:48 2026  570.211.01
[2026-03-07 22:23:48] [0] NVIDIA GeForce RTX 3090 | 49°C,   0 % |   346 / 24576 MB | ubuntu-user(138M) ubuntu-user(25M) ubuntu-user(33M) ubuntu-user(119M)
[2026-03-07 22:23:49] WS5-3                       Sat Mar  7 22:23:49 2026  570.211.01
[2026-03-07 22:23:49] [0] NVIDIA GeForce RTX 3090 | 48°C,   7 % |   346 / 24576 MB | ubuntu-user(138M) ubuntu-user(25M) ubuntu-user(33M) ubuntu-user(120M)
[2026-03-07 22:23:50] WS5-3                       Sat Mar  7 22:23:50 2026  570.211.01
[2026-03-07 22:23:50] [0] NVIDIA GeForce RTX 3090 | 49°C,  31 % |   348 / 24576 MB | ubuntu-user(138M) ubuntu-user(25M) ubuntu-user(33M) ubuntu-user(122M)
[2026-03-07 22:23:51] WS5-3                       Sat Mar  7 22:23:51 2026  570.211.01
[2026-03-07 22:23:51] [0] NVIDIA GeForce RTX 3090 | 48°C,   0 % |   348 / 24576 MB | ubuntu-user(138M) ubuntu-user(25M) ubuntu-user(33M) ubuntu-user(121M)
[2026-03-07 22:23:52] WS5-3                       Sat Mar  7 22:23:52 2026  570.211.01
[2026-03-07 22:23:52] [0] NVIDIA GeForce RTX 3090 | 48°C,   0 % |   348 / 24576 MB | ubuntu-user(138M) ubuntu-user(25M) ubuntu-user(33M) ubuntu-user(121M)
[2026-03-07 22:23:53] WS5-3                       Sat Mar  7 22:23:53 2026  570.211.01
[2026-03-07 22:23:53] [0] NVIDIA GeForce RTX 3090 | 48°C,   0 % |   356 / 24576 MB | ubuntu-user(138M) ubuntu-user(25M) ubuntu-user(33M) ubuntu-user(129M)
[2026-03-07 22:23:54] WS5-3                       Sat Mar  7 22:23:54 2026  570.211.01
[2026-03-07 22:23:54] [0] NVIDIA GeForce RTX 3090 | 48°C,   0 % |   354 / 24576 MB | ubuntu-user(138M) ubuntu-user(25M) ubuntu-user(33M) ubuntu-user(128M)
[2026-03-07 22:23:55] WS5-3                       Sat Mar  7 22:23:55 2026  570.211.01
[2026-03-07 22:23:55] [0] NVIDIA GeForce RTX 3090 | 48°C,   0 % |   350 / 24576 MB | ubuntu-user(138M) ubuntu-user(25M) ubuntu-user(33M) ubuntu-user(123M)
[2026-03-07 22:23:56] WS5-3                       Sat Mar  7 22:23:56 2026  570.211.01
[2026-03-07 22:23:56] [0] NVIDIA GeForce RTX 3090 | 48°C,  19 % |   349 / 24576 MB | ubuntu-user(138M) ubuntu-user(25M) ubuntu-user(33M) ubuntu-user(123M)
[2026-03-07 22:23:57] WS5-3                       Sat Mar  7 22:23:57 2026  570.211.01
[2026-03-07 22:23:57] [0] NVIDIA GeForce RTX 3090 | 49°C,  26 % |   349 / 24576 MB | ubuntu-user(138M) ubuntu-user(25M) ubuntu-user(33M) ubuntu-user(122M)
[2026-03-07 22:23:58] WS5-3                       Sat Mar  7 22:23:58 2026  570.211.01
[2026-03-07 22:23:58] [0] NVIDIA GeForce RTX 3090 | 48°C,   0 % |   349 / 24576 MB | ubuntu-user(138M) ubuntu-user(25M) ubuntu-user(33M) ubuntu-user(122M)
[2026-03-07 22:23:59] WS5-3                       Sat Mar  7 22:23:59 2026  570.211.01
[2026-03-07 22:23:59] [0] NVIDIA GeForce RTX 3090 | 48°C,   4 % |   346 / 24576 MB | ubuntu-user(138M) ubuntu-user(25M) ubuntu-user(33M) ubuntu-user(119M)
[2026-03-07 22:24:00] WS5-3                       Sat Mar  7 22:24:00 2026  570.211.01
[2026-03-07 22:24:00] [0] NVIDIA GeForce RTX 3090 | 48°C,  29 % |   346 / 24576 MB | ubuntu-user(138M) ubuntu-user(25M) ubuntu-user(33M) ubuntu-user(120M)
[2026-03-07 22:24:01] WS5-3                       Sat Mar  7 22:24:01 2026  570.211.01
[2026-03-07 22:24:01] [0] NVIDIA GeForce RTX 3090 | 48°C,   0 % |   346 / 24576 MB | ubuntu-user(138M) ubuntu-user(25M) ubuntu-user(33M) ubuntu-user(119M)
[2026-03-07 22:24:02] WS5-3                       Sat Mar  7 22:24:02 2026  570.211.01
[2026-03-07 22:24:02] [0] NVIDIA GeForce RTX 3090 | 48°C,  13 % |   346 / 24576 MB | ubuntu-user(138M) ubuntu-user(25M) ubuntu-user(33M) ubuntu-user(119M)
[2026-03-07 22:24:03] WS5-3                       Sat Mar  7 22:24:03 2026  570.211.01
[2026-03-07 22:24:03] [0] NVIDIA GeForce RTX 3090 | 48°C,  27 % |   353 / 24576 MB | ubuntu-user(138M) ubuntu-user(25M) ubuntu-user(33M) ubuntu-user(127M)
[2026-03-07 22:24:04] WS5-3                       Sat Mar  7 22:24:04 2026  570.211.01
[2026-03-07 22:24:04] [0] NVIDIA GeForce RTX 3090 | 48°C,   0 % |   353 / 24576 MB | ubuntu-user(138M) ubuntu-user(25M) ubuntu-user(33M) ubuntu-user(127M)
[2026-03-07 22:24:05] WS5-3                       Sat Mar  7 22:24:05 2026  570.211.01
[2026-03-07 22:24:05] [0] NVIDIA GeForce RTX 3090 | 48°C,   4 % |   349 / 24576 MB | ubuntu-user(138M) ubuntu-user(25M) ubuntu-user(33M) ubuntu-user(122M)
[2026-03-07 22:24:06] WS5-3                       Sat Mar  7 22:24:06 2026  570.211.01
[2026-03-07 22:24:06] [0] NVIDIA GeForce RTX 3090 | 48°C,   0 % |   349 / 24576 MB | ubuntu-user(138M) ubuntu-user(25M) ubuntu-user(33M) ubuntu-user(122M)
[2026-03-07 22:24:07] WS5-3                       Sat Mar  7 22:24:07 2026  570.211.01
[2026-03-07 22:24:07] [0] NVIDIA GeForce RTX 3090 | 48°C,   0 % |   349 / 24576 MB | ubuntu-user(138M) ubuntu-user(25M) ubuntu-user(33M) ubuntu-user(122M)
[2026-03-07 22:24:08] WS5-3                       Sat Mar  7 22:24:08 2026  570.211.01
[2026-03-07 22:24:08] [0] NVIDIA GeForce RTX 3090 | 47°C,   4 % |   346 / 24576 MB | ubuntu-user(138M) ubuntu-user(25M) ubuntu-user(33M) ubuntu-user(119M)
[2026-03-07 22:24:09] WS5-3                       Sat Mar  7 22:24:09 2026  570.211.01
[2026-03-07 22:24:09] [0] NVIDIA GeForce RTX 3090 | 47°C,   0 % |   346 / 24576 MB | ubuntu-user(138M) ubuntu-user(25M) ubuntu-user(33M) ubuntu-user(119M)
[2026-03-07 22:24:10] WS5-3                       Sat Mar  7 22:24:10 2026  570.211.01
[2026-03-07 22:24:10] [0] NVIDIA GeForce RTX 3090 | 48°C,  27 % |   355 / 24576 MB | ubuntu-user(138M) ubuntu-user(25M) ubuntu-user(33M) ubuntu-user(128M)
[2026-03-07 22:24:11] WS5-3                       Sat Mar  7 22:24:11 2026  570.211.01
[2026-03-07 22:24:11] [0] NVIDIA GeForce RTX 3090 | 48°C,   4 % |   349 / 24576 MB | ubuntu-user(138M) ubuntu-user(25M) ubuntu-user(33M) ubuntu-user(122M)
[2026-03-07 22:24:12] WS5-3                       Sat Mar  7 22:24:12 2026  570.211.01
[2026-03-07 22:24:12] [0] NVIDIA GeForce RTX 3090 | 48°C,   0 % |   349 / 24576 MB | ubuntu-user(138M) ubuntu-user(25M) ubuntu-user(33M) ubuntu-user(122M)
[2026-03-07 22:24:13] WS5-3                       Sat Mar  7 22:24:13 2026  570.211.01
[2026-03-07 22:24:13] [0] NVIDIA GeForce RTX 3090 | 47°C,   0 % |   349 / 24576 MB | ubuntu-user(138M) ubuntu-user(25M) ubuntu-user(33M) ubuntu-user(122M)
[2026-03-07 22:24:14] WS5-3                       Sat Mar  7 22:24:14 2026  570.211.01
[2026-03-07 22:24:14] [0] NVIDIA GeForce RTX 3090 | 48°C,  27 % |   349 / 24576 MB | ubuntu-user(138M) ubuntu-user(25M) ubuntu-user(33M) ubuntu-user(122M)
[2026-03-07 22:24:15] WS5-3                       Sat Mar  7 22:24:15 2026  570.211.01
[2026-03-07 22:24:15] [0] NVIDIA GeForce RTX 3090 | 48°C,   1 % |   354 / 24576 MB | ubuntu-user(138M) ubuntu-user(25M) ubuntu-user(33M) ubuntu-user(127M)
[2026-03-07 22:24:16] WS5-3                       Sat Mar  7 22:24:16 2026  570.211.01
[2026-03-07 22:24:16] [0] NVIDIA GeForce RTX 3090 | 47°C,   0 % |   354 / 24576 MB | ubuntu-user(138M) ubuntu-user(25M) ubuntu-user(33M) ubuntu-user(127M)
[2026-03-07 22:24:17] WS5-3                       Sat Mar  7 22:24:17 2026  570.211.01
[2026-03-07 22:24:17] [0] NVIDIA GeForce RTX 3090 | 48°C,  22 % |   349 / 24576 MB | ubuntu-user(138M) ubuntu-user(25M) ubuntu-user(33M) ubuntu-user(122M)
[2026-03-07 22:24:18] WS5-3                       Sat Mar  7 22:24:18 2026  570.211.01
[2026-03-07 22:24:18] [0] NVIDIA GeForce RTX 3090 | 47°C,   0 % |   349 / 24576 MB | ubuntu-user(138M) ubuntu-user(25M) ubuntu-user(33M) ubuntu-user(122M)
[2026-03-07 22:24:19] WS5-3                       Sat Mar  7 22:24:19 2026  570.211.01
[2026-03-07 22:24:19] [0] NVIDIA GeForce RTX 3090 | 47°C,   0 % |   349 / 24576 MB | ubuntu-user(138M) ubuntu-user(25M) ubuntu-user(33M) ubuntu-user(122M)
[2026-03-07 22:24:20] WS5-3                       Sat Mar  7 22:24:20 2026  570.211.01
[2026-03-07 22:24:20] [0] NVIDIA GeForce RTX 3090 | 48°C,  30 % |   350 / 24576 MB | ubuntu-user(138M) ubuntu-user(25M) ubuntu-user(33M) ubuntu-user(123M)
[2026-03-07 22:24:21] WS5-3                       Sat Mar  7 22:24:21 2026  570.211.01
[2026-03-07 22:24:21] [0] NVIDIA GeForce RTX 3090 | 47°C,   0 % |   355 / 24576 MB | ubuntu-user(138M) ubuntu-user(25M) ubuntu-user(33M) ubuntu-user(128M)
[2026-03-07 22:24:22] WS5-3                       Sat Mar  7 22:24:22 2026  570.211.01
[2026-03-07 22:24:22] [0] NVIDIA GeForce RTX 3090 | 48°C,  14 % |   356 / 24576 MB | ubuntu-user(138M) ubuntu-user(25M) ubuntu-user(33M) ubuntu-user(129M)
[2026-03-07 22:24:23] WS5-3                       Sat Mar  7 22:24:23 2026  570.211.01
[2026-03-07 22:24:23] [0] NVIDIA GeForce RTX 3090 | 47°C,   5 % |   354 / 24576 MB | ubuntu-user(138M) ubuntu-user(25M) ubuntu-user(33M) ubuntu-user(128M)
[2026-03-07 22:24:24] WS5-3                       Sat Mar  7 22:24:24 2026  570.211.01
[2026-03-07 22:24:24] [0] NVIDIA GeForce RTX 3090 | 48°C,  26 % |   350 / 24576 MB | ubuntu-user(138M) ubuntu-user(25M) ubuntu-user(33M) ubuntu-user(124M)
[2026-03-07 22:24:25] WS5-3                       Sat Mar  7 22:24:25 2026  570.211.01
[2026-03-07 22:24:25] [0] NVIDIA GeForce RTX 3090 | 48°C,   0 % |   356 / 24576 MB | ubuntu-user(138M) ubuntu-user(25M) ubuntu-user(33M) ubuntu-user(129M)
[2026-03-07 22:24:26] WS5-3                       Sat Mar  7 22:24:26 2026  570.211.01
[2026-03-07 22:24:26] [0] NVIDIA GeForce RTX 3090 | 47°C,   0 % |   355 / 24576 MB | ubuntu-user(138M) ubuntu-user(25M) ubuntu-user(33M) ubuntu-user(128M)
[2026-03-07 22:24:27] WS5-3                       Sat Mar  7 22:24:27 2026  570.211.01
[2026-03-07 22:24:27] [0] NVIDIA GeForce RTX 3090 | 47°C,   0 % |   353 / 24576 MB | ubuntu-user(138M) ubuntu-user(25M) ubuntu-user(33M) ubuntu-user(126M)
[2026-03-07 22:24:28] WS5-3                       Sat Mar  7 22:24:28 2026  570.211.01
[2026-03-07 22:24:28] [0] NVIDIA GeForce RTX 3090 | 47°C,   0 % |   351 / 24576 MB | ubuntu-user(138M) ubuntu-user(25M) ubuntu-user(33M) ubuntu-user(125M)
[2026-03-07 22:24:29] WS5-3                       Sat Mar  7 22:24:29 2026  570.211.01
[2026-03-07 22:24:29] [0] NVIDIA GeForce RTX 3090 | 47°C,   0 % |   350 / 24576 MB | ubuntu-user(138M) ubuntu-user(25M) ubuntu-user(33M) ubuntu-user(123M)
[2026-03-07 22:24:30] WS5-3                       Sat Mar  7 22:24:30 2026  570.211.01
[2026-03-07 22:24:30] [0] NVIDIA GeForce RTX 3090 | 47°C,   0 % |   342 / 24576 MB | ubuntu-user(138M) ubuntu-user(25M) ubuntu-user(33M) ubuntu-user(115M)
[2026-03-07 22:24:31] WS5-3                       Sat Mar  7 22:24:31 2026  570.211.01
[2026-03-07 22:24:31] [0] NVIDIA GeForce RTX 3090 | 47°C,   0 % |   342 / 24576 MB | ubuntu-user(138M) ubuntu-user(25M) ubuntu-user(33M) ubuntu-user(115M)
[2026-03-07 22:24:32] WS5-3                       Sat Mar  7 22:24:32 2026  570.211.01
[2026-03-07 22:24:32] [0] NVIDIA GeForce RTX 3090 | 47°C,   0 % |   342 / 24576 MB | ubuntu-user(138M) ubuntu-user(25M) ubuntu-user(33M) ubuntu-user(115M)
[2026-03-07 22:24:33] WS5-3                       Sat Mar  7 22:24:33 2026  570.211.01
[2026-03-07 22:24:33] [0] NVIDIA GeForce RTX 3090 | 47°C,   0 % |   347 / 24576 MB | ubuntu-user(138M) ubuntu-user(25M) ubuntu-user(33M) ubuntu-user(120M)
[2026-03-07 22:24:34] WS5-3                       Sat Mar  7 22:24:34 2026  570.211.01
[2026-03-07 22:24:34] [0] NVIDIA GeForce RTX 3090 | 47°C,   0 % |   343 / 24576 MB | ubuntu-user(138M) ubuntu-user(25M) ubuntu-user(33M) ubuntu-user(116M)
[2026-03-07 22:24:35] WS5-3                       Sat Mar  7 22:24:35 2026  570.211.01
[2026-03-07 22:24:35] [0] NVIDIA GeForce RTX 3090 | 48°C,  28 % |   351 / 24576 MB | ubuntu-user(138M) ubuntu-user(25M) ubuntu-user(33M) ubuntu-user(124M)
[2026-03-07 22:24:36] WS5-3                       Sat Mar  7 22:24:36 2026  570.211.01
[2026-03-07 22:24:36] [0] NVIDIA GeForce RTX 3090 | 47°C,   0 % |   345 / 24576 MB | ubuntu-user(138M) ubuntu-user(25M) ubuntu-user(33M) ubuntu-user(118M)
[2026-03-07 22:24:37] WS5-3                       Sat Mar  7 22:24:37 2026  570.211.01
[2026-03-07 22:24:37] [0] NVIDIA GeForce RTX 3090 | 48°C,  30 % |   350 / 24576 MB | ubuntu-user(138M) ubuntu-user(25M) ubuntu-user(33M) ubuntu-user(123M)
[2026-03-07 22:24:38] WS5-3                       Sat Mar  7 22:24:38 2026  570.211.01
[2026-03-07 22:24:38] [0] NVIDIA GeForce RTX 3090 | 48°C,  29 % |   350 / 24576 MB | ubuntu-user(138M) ubuntu-user(25M) ubuntu-user(33M) ubuntu-user(123M)
[2026-03-07 22:24:39] WS5-3                       Sat Mar  7 22:24:39 2026  570.211.01
[2026-03-07 22:24:39] [0] NVIDIA GeForce RTX 3090 | 48°C,  10 % |   350 / 24576 MB | ubuntu-user(138M) ubuntu-user(25M) ubuntu-user(33M) ubuntu-user(123M)
[2026-03-07 22:24:40] WS5-3                       Sat Mar  7 22:24:40 2026  570.211.01
[2026-03-07 22:24:40] [0] NVIDIA GeForce RTX 3090 | 48°C,  29 % |   425 / 24576 MB | ubuntu-user(138M) ubuntu-user(25M) ubuntu-user(33M) ubuntu-user(201M)
[2026-03-07 22:24:41] WS5-3                       Sat Mar  7 22:24:41 2026  570.211.01
[2026-03-07 22:24:41] [0] NVIDIA GeForce RTX 3090 | 48°C,  32 % |   423 / 24576 MB | ubuntu-user(138M) ubuntu-user(25M) ubuntu-user(33M) ubuntu-user(196M)
[2026-03-07 22:24:42] WS5-3                       Sat Mar  7 22:24:42 2026  570.211.01
[2026-03-07 22:24:42] [0] NVIDIA GeForce RTX 3090 | 47°C,   0 % |   414 / 24576 MB | ubuntu-user(138M) ubuntu-user(25M) ubuntu-user(33M) ubuntu-user(187M)
[2026-03-07 22:24:43] WS5-3                       Sat Mar  7 22:24:43 2026  570.211.01
[2026-03-07 22:24:43] [0] NVIDIA GeForce RTX 3090 | 47°C,   5 % |   413 / 24576 MB | ubuntu-user(138M) ubuntu-user(25M) ubuntu-user(33M) ubuntu-user(186M)
[2026-03-07 22:24:44] WS5-3                       Sat Mar  7 22:24:44 2026  570.211.01
[2026-03-07 22:24:44] [0] NVIDIA GeForce RTX 3090 | 48°C,  29 % |   413 / 24576 MB | ubuntu-user(138M) ubuntu-user(25M) ubuntu-user(33M) ubuntu-user(186M)
[2026-03-07 22:24:45] WS5-3                       Sat Mar  7 22:24:45 2026  570.211.01
[2026-03-07 22:24:45] [0] NVIDIA GeForce RTX 3090 | 47°C,   6 % |   372 / 24576 MB | ubuntu-user(138M) ubuntu-user(25M) ubuntu-user(33M) ubuntu-user(145M)
[2026-03-07 22:24:46] WS5-3                       Sat Mar  7 22:24:46 2026  570.211.01
[2026-03-07 22:24:46] [0] NVIDIA GeForce RTX 3090 | 50°C,   2 % |   328 / 24576 MB | ubuntu-user(138M) ubuntu-user(25M) ubuntu-user(33M) ubuntu-user(102M)
[2026-03-07 22:24:47] WS5-3                       Sat Mar  7 22:24:47 2026  570.211.01
[2026-03-07 22:24:47] [0] NVIDIA GeForce RTX 3090 | 51°C,   8 % |   339 / 24576 MB | ubuntu-user(138M) ubuntu-user(25M) ubuntu-user(33M) ubuntu-user(113M)
[2026-03-07 22:24:48] WS5-3                       Sat Mar  7 22:24:48 2026  570.211.01
[2026-03-07 22:24:48] [0] NVIDIA GeForce RTX 3090 | 49°C,  18 % |   339 / 24576 MB | ubuntu-user(138M) ubuntu-user(25M) ubuntu-user(33M) ubuntu-user(112M)
[2026-03-07 22:24:49] WS5-3                       Sat Mar  7 22:24:49 2026  570.211.01
[2026-03-07 22:24:49] [0] NVIDIA GeForce RTX 3090 | 48°C,   0 % |   339 / 24576 MB | ubuntu-user(138M) ubuntu-user(25M) ubuntu-user(33M) ubuntu-user(112M)
[2026-03-07 22:24:50] WS5-3                       Sat Mar  7 22:24:50 2026  570.211.01
[2026-03-07 22:24:50] [0] NVIDIA GeForce RTX 3090 | 48°C,  31 % |   335 / 24576 MB | ubuntu-user(138M) ubuntu-user(25M) ubuntu-user(33M) ubuntu-user(108M)
[2026-03-07 22:24:51] WS5-3                       Sat Mar  7 22:24:51 2026  570.211.01
[2026-03-07 22:24:51] [0] NVIDIA GeForce RTX 3090 | 48°C,  28 % |   334 / 24576 MB | ubuntu-user(138M) ubuntu-user(25M) ubuntu-user(33M) ubuntu-user(108M)
[2026-03-07 22:24:52] WS5-3                       Sat Mar  7 22:24:52 2026  570.211.01
[2026-03-07 22:24:52] [0] NVIDIA GeForce RTX 3090 | 47°C,   0 % |   334 / 24576 MB | ubuntu-user(138M) ubuntu-user(25M) ubuntu-user(33M) ubuntu-user(107M)
[2026-03-07 22:24:53] WS5-3                       Sat Mar  7 22:24:53 2026  570.211.01
[2026-03-07 22:24:53] [0] NVIDIA GeForce RTX 3090 | 47°C,   0 % |   332 / 24576 MB | ubuntu-user(138M) ubuntu-user(25M) ubuntu-user(33M) ubuntu-user(105M)
[2026-03-07 22:24:54] WS5-3                       Sat Mar  7 22:24:54 2026  570.211.01
[2026-03-07 22:24:54] [0] NVIDIA GeForce RTX 3090 | 47°C,   5 % |   326 / 24576 MB | ubuntu-user(138M) ubuntu-user(25M) ubuntu-user(33M) ubuntu-user(100M)
[2026-03-07 22:24:55] WS5-3                       Sat Mar  7 22:24:55 2026  570.211.01
[2026-03-07 22:24:55] [0] NVIDIA GeForce RTX 3090 | 47°C,   0 % |   327 / 24576 MB | ubuntu-user(138M) ubuntu-user(25M) ubuntu-user(33M) ubuntu-user(100M)
[2026-03-07 22:24:56] WS5-3                       Sat Mar  7 22:24:56 2026  570.211.01
[2026-03-07 22:24:56] [0] NVIDIA GeForce RTX 3090 | 47°C,   0 % |   327 / 24576 MB | ubuntu-user(138M) ubuntu-user(25M) ubuntu-user(33M) ubuntu-user(100M)
[2026-03-07 22:24:57] WS5-3                       Sat Mar  7 22:24:57 2026  570.211.01
[2026-03-07 22:24:57] [0] NVIDIA GeForce RTX 3090 | 47°C,   4 % |   326 / 24576 MB | ubuntu-user(138M) ubuntu-user(25M) ubuntu-user(33M) ubuntu-user(100M)
[2026-03-07 22:24:58] WS5-3                       Sat Mar  7 22:24:58 2026  570.211.01
[2026-03-07 22:24:58] [0] NVIDIA GeForce RTX 3090 | 47°C,   0 % |   326 / 24576 MB | ubuntu-user(138M) ubuntu-user(25M) ubuntu-user(33M) ubuntu-user(99M)
[2026-03-07 22:24:59] WS5-3                       Sat Mar  7 22:24:59 2026  570.211.01
[2026-03-07 22:24:59] [0] NVIDIA GeForce RTX 3090 | 48°C,  26 % |   340 / 24576 MB | ubuntu-user(138M) ubuntu-user(25M) ubuntu-user(33M) ubuntu-user(113M)
[2026-03-07 22:25:00] WS5-3                       Sat Mar  7 22:25:00 2026  570.211.01
[2026-03-07 22:25:00] [0] NVIDIA GeForce RTX 3090 | 47°C,   1 % |   336 / 24576 MB | ubuntu-user(138M) ubuntu-user(25M) ubuntu-user(33M) ubuntu-user(109M)
[2026-03-07 22:25:01] WS5-3                       Sat Mar  7 22:25:01 2026  570.211.01
[2026-03-07 22:25:01] [0] NVIDIA GeForce RTX 3090 | 48°C,  22 % |   342 / 24576 MB | ubuntu-user(138M) ubuntu-user(25M) ubuntu-user(33M) ubuntu-user(116M)
[2026-03-07 22:25:02] WS5-3                       Sat Mar  7 22:25:02 2026  570.211.01
[2026-03-07 22:25:02] [0] NVIDIA GeForce RTX 3090 | 48°C,   4 % |   342 / 24576 MB | ubuntu-user(138M) ubuntu-user(25M) ubuntu-user(33M) ubuntu-user(115M)
[2026-03-07 22:25:03] WS5-3                       Sat Mar  7 22:25:03 2026  570.211.01
[2026-03-07 22:25:03] [0] NVIDIA GeForce RTX 3090 | 47°C,   0 % |   335 / 24576 MB | ubuntu-user(138M) ubuntu-user(25M) ubuntu-user(33M) ubuntu-user(109M)
[2026-03-07 22:25:04] WS5-3                       Sat Mar  7 22:25:04 2026  570.211.01
[2026-03-07 22:25:04] [0] NVIDIA GeForce RTX 3090 | 47°C,   0 % |   340 / 24576 MB | ubuntu-user(138M) ubuntu-user(25M) ubuntu-user(33M) ubuntu-user(113M)
[2026-03-07 22:25:05] WS5-3                       Sat Mar  7 22:25:05 2026  570.211.01
[2026-03-07 22:25:05] [0] NVIDIA GeForce RTX 3090 | 47°C,  10 % |   332 / 24576 MB | ubuntu-user(138M) ubuntu-user(25M) ubuntu-user(33M) ubuntu-user(105M)
[2026-03-07 22:25:06] WS5-3                       Sat Mar  7 22:25:06 2026  570.211.01
[2026-03-07 22:25:06] [0] NVIDIA GeForce RTX 3090 | 47°C,   0 % |   331 / 24576 MB | ubuntu-user(138M) ubuntu-user(25M) ubuntu-user(33M) ubuntu-user(104M)
[2026-03-07 22:25:07] WS5-3                       Sat Mar  7 22:25:07 2026  570.211.01
[2026-03-07 22:25:07] [0] NVIDIA GeForce RTX 3090 | 47°C,   0 % |   329 / 24576 MB | ubuntu-user(138M) ubuntu-user(25M) ubuntu-user(33M) ubuntu-user(103M)
[2026-03-07 22:25:08] WS5-3                       Sat Mar  7 22:25:08 2026  570.211.01
[2026-03-07 22:25:08] [0] NVIDIA GeForce RTX 3090 | 47°C,  21 % |   328 / 24576 MB | ubuntu-user(138M) ubuntu-user(25M) ubuntu-user(33M) ubuntu-user(101M)
[2026-03-07 22:25:09] WS5-3                       Sat Mar  7 22:25:09 2026  570.211.01
[2026-03-07 22:25:09] [0] NVIDIA GeForce RTX 3090 | 48°C,  27 % |   329 / 24576 MB | ubuntu-user(138M) ubuntu-user(25M) ubuntu-user(33M) ubuntu-user(103M)
[2026-03-07 22:25:10] WS5-3                       Sat Mar  7 22:25:10 2026  570.211.01
[2026-03-07 22:25:10] [0] NVIDIA GeForce RTX 3090 | 47°C,   0 % |   325 / 24576 MB | ubuntu-user(138M) ubuntu-user(25M) ubuntu-user(33M) ubuntu-user(98M)
[2026-03-07 22:25:11] WS5-3                       Sat Mar  7 22:25:11 2026  570.211.01
[2026-03-07 22:25:11] [0] NVIDIA GeForce RTX 3090 | 48°C,  25 % |   331 / 24576 MB | ubuntu-user(138M) ubuntu-user(25M) ubuntu-user(33M) ubuntu-user(104M)
[2026-03-07 22:25:12] WS5-3                       Sat Mar  7 22:25:12 2026  570.211.01
[2026-03-07 22:25:12] [0] NVIDIA GeForce RTX 3090 | 47°C,   0 % |   325 / 24576 MB | ubuntu-user(138M) ubuntu-user(25M) ubuntu-user(33M) ubuntu-user(98M)
[2026-03-07 22:25:13] WS5-3                       Sat Mar  7 22:25:13 2026  570.211.01
[2026-03-07 22:25:13] [0] NVIDIA GeForce RTX 3090 | 47°C,  12 % |   324 / 24576 MB | ubuntu-user(138M) ubuntu-user(25M) ubuntu-user(33M) ubuntu-user(97M)
[2026-03-07 22:25:14] WS5-3                       Sat Mar  7 22:25:14 2026  570.211.01
[2026-03-07 22:25:14] [0] NVIDIA GeForce RTX 3090 | 47°C,   0 % |   324 / 24576 MB | ubuntu-user(138M) ubuntu-user(25M) ubuntu-user(33M) ubuntu-user(97M)
[2026-03-07 22:25:15] WS5-3                       Sat Mar  7 22:25:15 2026  570.211.01
[2026-03-07 22:25:15] [0] NVIDIA GeForce RTX 3090 | 47°C,   0 % |   324 / 24576 MB | ubuntu-user(138M) ubuntu-user(25M) ubuntu-user(33M) ubuntu-user(97M)
[2026-03-07 22:25:16] WS5-3                       Sat Mar  7 22:25:16 2026  570.211.01
[2026-03-07 22:25:16] [0] NVIDIA GeForce RTX 3090 | 47°C,   0 % |   328 / 24576 MB | ubuntu-user(138M) ubuntu-user(25M) ubuntu-user(33M) ubuntu-user(99M)
[2026-03-07 22:25:17] WS5-3                       Sat Mar  7 22:25:17 2026  570.211.01
[2026-03-07 22:25:17] [0] NVIDIA GeForce RTX 3090 | 47°C,   0 % |   322 / 24576 MB | ubuntu-user(138M) ubuntu-user(25M) ubuntu-user(33M) ubuntu-user(92M)
[2026-03-07 22:25:18] WS5-3                       Sat Mar  7 22:25:18 2026  570.211.01
[2026-03-07 22:25:18] [0] NVIDIA GeForce RTX 3090 | 47°C,   0 % |   321 / 24576 MB | ubuntu-user(138M) ubuntu-user(25M) ubuntu-user(33M) ubuntu-user(92M)
[2026-03-07 22:25:19] WS5-3                       Sat Mar  7 22:25:19 2026  570.211.01
[2026-03-07 22:25:19] [0] NVIDIA GeForce RTX 3090 | 47°C,   0 % |   321 / 24576 MB | ubuntu-user(138M) ubuntu-user(25M) ubuntu-user(33M) ubuntu-user(92M)
[2026-03-07 22:25:20] WS5-3                       Sat Mar  7 22:25:20 2026  570.211.01
[2026-03-07 22:25:20] [0] NVIDIA GeForce RTX 3090 | 47°C,   0 % |   321 / 24576 MB | ubuntu-user(138M) ubuntu-user(25M) ubuntu-user(33M) ubuntu-user(92M)
[2026-03-07 22:25:21] WS5-3                       Sat Mar  7 22:25:21 2026  570.211.01
[2026-03-07 22:25:21] [0] NVIDIA GeForce RTX 3090 | 47°C,   0 % |   322 / 24576 MB | ubuntu-user(138M) ubuntu-user(25M) ubuntu-user(33M) ubuntu-user(92M)
[2026-03-07 22:25:22] WS5-3                       Sat Mar  7 22:25:22 2026  570.211.01
[2026-03-07 22:25:22] [0] NVIDIA GeForce RTX 3090 | 47°C,   0 % |   321 / 24576 MB | ubuntu-user(138M) ubuntu-user(25M) ubuntu-user(33M) ubuntu-user(92M)
[2026-03-07 22:25:23] WS5-3                       Sat Mar  7 22:25:23 2026  570.211.01
[2026-03-07 22:25:23] [0] NVIDIA GeForce RTX 3090 | 48°C,  23 % |   321 / 24576 MB | ubuntu-user(138M) ubuntu-user(25M) ubuntu-user(33M) ubuntu-user(92M)
[2026-03-07 22:25:24] WS5-3                       Sat Mar  7 22:25:24 2026  570.211.01
[2026-03-07 22:25:24] [0] NVIDIA GeForce RTX 3090 | 47°C,   1 % |   323 / 24576 MB | ubuntu-user(138M) ubuntu-user(25M) ubuntu-user(33M) ubuntu-user(93M)
[2026-03-07 22:25:25] WS5-3                       Sat Mar  7 22:25:25 2026  570.211.01
[2026-03-07 22:25:25] [0] NVIDIA GeForce RTX 3090 | 47°C,   1 % |   324 / 24576 MB | ubuntu-user(138M) ubuntu-user(25M) ubuntu-user(33M) ubuntu-user(94M)
[2026-03-07 22:25:26] WS5-3                       Sat Mar  7 22:25:26 2026  570.211.01
[2026-03-07 22:25:26] [0] NVIDIA GeForce RTX 3090 | 48°C,   4 % |   335 / 24576 MB | ubuntu-user(138M) ubuntu-user(25M) ubuntu-user(33M) ubuntu-user(106M)
[2026-03-07 22:25:27] WS5-3                       Sat Mar  7 22:25:27 2026  570.211.01
[2026-03-07 22:25:27] [0] NVIDIA GeForce RTX 3090 | 47°C,  28 % |   335 / 24576 MB | ubuntu-user(138M) ubuntu-user(25M) ubuntu-user(33M) ubuntu-user(106M)
[2026-03-07 22:25:28] WS5-3                       Sat Mar  7 22:25:28 2026  570.211.01
[2026-03-07 22:25:28] [0] NVIDIA GeForce RTX 3090 | 48°C,  29 % |   360 / 24576 MB | ubuntu-user(138M) ubuntu-user(25M) ubuntu-user(33M) ubuntu-user(131M)
[2026-03-07 22:25:29] WS5-3                       Sat Mar  7 22:25:29 2026  570.211.01
[2026-03-07 22:25:29] [0] NVIDIA GeForce RTX 3090 | 47°C,   0 % |   414 / 24576 MB | ubuntu-user(138M) ubuntu-user(25M) ubuntu-user(33M) ubuntu-user(185M)
[2026-03-07 22:25:30] WS5-3                       Sat Mar  7 22:25:30 2026  570.211.01
[2026-03-07 22:25:30] [0] NVIDIA GeForce RTX 3090 | 48°C,  31 % |   412 / 24576 MB | ubuntu-user(138M) ubuntu-user(25M) ubuntu-user(33M) ubuntu-user(183M)
[2026-03-07 22:25:31] WS5-3                       Sat Mar  7 22:25:31 2026  570.211.01
[2026-03-07 22:25:31] [0] NVIDIA GeForce RTX 3090 | 47°C,  22 % |   406 / 24576 MB | ubuntu-user(138M) ubuntu-user(25M) ubuntu-user(33M) ubuntu-user(176M)
[2026-03-07 22:25:32] WS5-3                       Sat Mar  7 22:25:32 2026  570.211.01
[2026-03-07 22:25:32] [0] NVIDIA GeForce RTX 3090 | 48°C,  23 % |   403 / 24576 MB | ubuntu-user(138M) ubuntu-user(25M) ubuntu-user(33M) ubuntu-user(174M)
[2026-03-07 22:25:33] WS5-3                       Sat Mar  7 22:25:33 2026  570.211.01
[2026-03-07 22:25:33] [0] NVIDIA GeForce RTX 3090 | 48°C,   0 % |   399 / 24576 MB | ubuntu-user(138M) ubuntu-user(25M) ubuntu-user(33M) ubuntu-user(170M)
[2026-03-07 22:25:34] WS5-3                       Sat Mar  7 22:25:34 2026  570.211.01
[2026-03-07 22:25:34] [0] NVIDIA GeForce RTX 3090 | 48°C,  23 % |   381 / 24576 MB | ubuntu-user(138M) ubuntu-user(25M) ubuntu-user(33M) ubuntu-user(152M)
[2026-03-07 22:25:35] WS5-3                       Sat Mar  7 22:25:35 2026  570.211.01
[2026-03-07 22:25:35] [0] NVIDIA GeForce RTX 3090 | 47°C,   4 % |   381 / 24576 MB | ubuntu-user(138M) ubuntu-user(25M) ubuntu-user(33M) ubuntu-user(152M)
[2026-03-07 22:25:36] WS5-3                       Sat Mar  7 22:25:36 2026  570.211.01
[2026-03-07 22:25:36] [0] NVIDIA GeForce RTX 3090 | 47°C,   0 % |   379 / 24576 MB | ubuntu-user(138M) ubuntu-user(25M) ubuntu-user(33M) ubuntu-user(150M)
[2026-03-07 22:25:37] WS5-3                       Sat Mar  7 22:25:37 2026  570.211.01
[2026-03-07 22:25:37] [0] NVIDIA GeForce RTX 3090 | 47°C,   0 % |   356 / 24576 MB | ubuntu-user(138M) ubuntu-user(25M) ubuntu-user(33M) ubuntu-user(127M)
[2026-03-07 22:25:38] WS5-3                       Sat Mar  7 22:25:38 2026  570.211.01
[2026-03-07 22:25:38] [0] NVIDIA GeForce RTX 3090 | 47°C,   0 % |   356 / 24576 MB | ubuntu-user(138M) ubuntu-user(25M) ubuntu-user(33M) ubuntu-user(126M)
[2026-03-07 22:25:39] WS5-3                       Sat Mar  7 22:25:39 2026  570.211.01
[2026-03-07 22:25:39] [0] NVIDIA GeForce RTX 3090 | 47°C,   0 % |   356 / 24576 MB | ubuntu-user(138M) ubuntu-user(25M) ubuntu-user(33M) ubuntu-user(126M)
[2026-03-07 22:25:40] WS5-3                       Sat Mar  7 22:25:40 2026  570.211.01
[2026-03-07 22:25:40] [0] NVIDIA GeForce RTX 3090 | 47°C,  25 % |   346 / 24576 MB | ubuntu-user(138M) ubuntu-user(25M) ubuntu-user(33M) ubuntu-user(116M)
[2026-03-07 22:25:41] WS5-3                       Sat Mar  7 22:25:41 2026  570.211.01
[2026-03-07 22:25:41] [0] NVIDIA GeForce RTX 3090 | 47°C,   0 % |   346 / 24576 MB | ubuntu-user(138M) ubuntu-user(25M) ubuntu-user(33M) ubuntu-user(117M)
[2026-03-07 22:25:42] WS5-3                       Sat Mar  7 22:25:42 2026  570.211.01
[2026-03-07 22:25:42] [0] NVIDIA GeForce RTX 3090 | 47°C,   0 % |   344 / 24576 MB | ubuntu-user(138M) ubuntu-user(25M) ubuntu-user(33M) ubuntu-user(114M)
[2026-03-07 22:25:43] WS5-3                       Sat Mar  7 22:25:43 2026  570.211.01
[2026-03-07 22:25:43] [0] NVIDIA GeForce RTX 3090 | 47°C,   0 % |   344 / 24576 MB | ubuntu-user(138M) ubuntu-user(25M) ubuntu-user(33M) ubuntu-user(114M)
[2026-03-07 22:25:44] WS5-3                       Sat Mar  7 22:25:44 2026  570.211.01
[2026-03-07 22:25:44] [0] NVIDIA GeForce RTX 3090 | 47°C,   0 % |   344 / 24576 MB | ubuntu-user(138M) ubuntu-user(25M) ubuntu-user(33M) ubuntu-user(114M)
[2026-03-07 22:25:45] WS5-3                       Sat Mar  7 22:25:45 2026  570.211.01
[2026-03-07 22:25:45] [0] NVIDIA GeForce RTX 3090 | 52°C,   0 % |   727 / 24576 MB | ubuntu-user(382M) ubuntu-user(138M) ubuntu-user(25M) ubuntu-user(33M) ubuntu-user(112M)
[2026-03-07 22:25:46] WS5-3                       Sat Mar  7 22:25:46 2026  570.211.01
[2026-03-07 22:25:46] [0] NVIDIA GeForce RTX 3090 | 54°C,   1 % |   728 / 24576 MB | ubuntu-user(382M) ubuntu-user(138M) ubuntu-user(25M) ubuntu-user(33M) ubuntu-user(113M)
[2026-03-07 22:25:47] WS5-3                       Sat Mar  7 22:25:47 2026  570.211.01
[2026-03-07 22:25:47] [0] NVIDIA GeForce RTX 3090 | 55°C,  97 % |  5109 / 24576 MB | ubuntu-user(4796M) ubuntu-user(138M) ubuntu-user(25M) ubuntu-user(33M) ubuntu-user(112M)
[2026-03-07 22:25:48] WS5-3                       Sat Mar  7 22:25:48 2026  570.211.01
[2026-03-07 22:25:48] [0] NVIDIA GeForce RTX 3090 | 56°C,  23 % | 11779 / 24576 MB | ubuntu-user(11434M) ubuntu-user(138M) ubuntu-user(25M) ubuntu-user(33M) ubuntu-user(112M)
[2026-03-07 22:25:49] WS5-3                       Sat Mar  7 22:25:49 2026  570.211.01
[2026-03-07 22:25:49] [0] NVIDIA GeForce RTX 3090 | 56°C,   0 % | 11859 / 24576 MB | ubuntu-user(11512M) ubuntu-user(138M) ubuntu-user(25M) ubuntu-user(33M) ubuntu-user(114M)
[2026-03-07 22:25:50] WS5-3                       Sat Mar  7 22:25:50 2026  570.211.01
[2026-03-07 22:25:50] [0] NVIDIA GeForce RTX 3090 | 56°C,   0 % | 11860 / 24576 MB | ubuntu-user(11512M) ubuntu-user(138M) ubuntu-user(25M) ubuntu-user(33M) ubuntu-user(115M)
[2026-03-07 22:25:51] WS5-3                       Sat Mar  7 22:25:51 2026  570.211.01
[2026-03-07 22:25:51] [0] NVIDIA GeForce RTX 3090 | 55°C,   0 % | 11860 / 24576 MB | ubuntu-user(11512M) ubuntu-user(138M) ubuntu-user(25M) ubuntu-user(33M) ubuntu-user(115M)
[2026-03-07 22:25:52] WS5-3                       Sat Mar  7 22:25:52 2026  570.211.01
[2026-03-07 22:25:52] [0] NVIDIA GeForce RTX 3090 | 55°C,   0 % | 11860 / 24576 MB | ubuntu-user(11512M) ubuntu-user(138M) ubuntu-user(25M) ubuntu-user(33M) ubuntu-user(115M)
[2026-03-07 22:25:53] WS5-3                       Sat Mar  7 22:25:53 2026  570.211.01
[2026-03-07 22:25:53] [0] NVIDIA GeForce RTX 3090 | 55°C,   0 % | 11860 / 24576 MB | ubuntu-user(11512M) ubuntu-user(138M) ubuntu-user(25M) ubuntu-user(33M) ubuntu-user(115M)
[2026-03-07 22:25:54] WS5-3                       Sat Mar  7 22:25:54 2026  570.211.01
[2026-03-07 22:25:54] [0] NVIDIA GeForce RTX 3090 | 55°C,   0 % | 11859 / 24576 MB | ubuntu-user(11512M) ubuntu-user(138M) ubuntu-user(25M) ubuntu-user(33M) ubuntu-user(114M)
[2026-03-07 22:25:55] WS5-3                       Sat Mar  7 22:25:55 2026  570.211.01
[2026-03-07 22:25:55] [0] NVIDIA GeForce RTX 3090 | 55°C,   0 % | 11857 / 24576 MB | ubuntu-user(11512M) ubuntu-user(138M) ubuntu-user(25M) ubuntu-user(33M) ubuntu-user(112M)
[2026-03-07 22:25:56] WS5-3                       Sat Mar  7 22:25:56 2026  570.211.01
[2026-03-07 22:25:56] [0] NVIDIA GeForce RTX 3090 | 56°C,   0 % | 11858 / 24576 MB | ubuntu-user(11512M) ubuntu-user(138M) ubuntu-user(25M) ubuntu-user(33M) ubuntu-user(113M)
[2026-03-07 22:25:57] WS5-3                       Sat Mar  7 22:25:57 2026  570.211.01
[2026-03-07 22:25:57] [0] NVIDIA GeForce RTX 3090 | 56°C,   0 % | 11857 / 24576 MB | ubuntu-user(11512M) ubuntu-user(138M) ubuntu-user(25M) ubuntu-user(33M) ubuntu-user(113M)
[2026-03-07 22:25:58] WS5-3                       Sat Mar  7 22:25:58 2026  570.211.01
[2026-03-07 22:25:58] [0] NVIDIA GeForce RTX 3090 | 56°C,   1 % | 11857 / 24576 MB | ubuntu-user(11512M) ubuntu-user(138M) ubuntu-user(25M) ubuntu-user(33M) ubuntu-user(112M)
[2026-03-07 22:25:59] WS5-3                       Sat Mar  7 22:25:59 2026  570.211.01
[2026-03-07 22:25:59] [0] NVIDIA GeForce RTX 3090 | 56°C,   5 % | 11857 / 24576 MB | ubuntu-user(11512M) ubuntu-user(138M) ubuntu-user(25M) ubuntu-user(33M) ubuntu-user(112M)
[2026-03-07 22:26:00] WS5-3                       Sat Mar  7 22:26:00 2026  570.211.01
[2026-03-07 22:26:00] [0] NVIDIA GeForce RTX 3090 | 56°C,   0 % | 11857 / 24576 MB | ubuntu-user(11512M) ubuntu-user(138M) ubuntu-user(25M) ubuntu-user(33M) ubuntu-user(112M)
[2026-03-07 22:26:01] WS5-3                       Sat Mar  7 22:26:01 2026  570.211.01
[2026-03-07 22:26:01] [0] NVIDIA GeForce RTX 3090 | 56°C,   0 % | 11860 / 24576 MB | ubuntu-user(11512M) ubuntu-user(138M) ubuntu-user(25M) ubuntu-user(33M) ubuntu-user(115M)
[2026-03-07 22:26:02] WS5-3                       Sat Mar  7 22:26:02 2026  570.211.01
[2026-03-07 22:26:02] [0] NVIDIA GeForce RTX 3090 | 57°C,   1 % | 11861 / 24576 MB | ubuntu-user(11512M) ubuntu-user(138M) ubuntu-user(25M) ubuntu-user(33M) ubuntu-user(116M)
[2026-03-07 22:26:03] WS5-3                       Sat Mar  7 22:26:03 2026  570.211.01
[2026-03-07 22:26:03] [0] NVIDIA GeForce RTX 3090 | 57°C,   0 % | 11861 / 24576 MB | ubuntu-user(11512M) ubuntu-user(138M) ubuntu-user(25M) ubuntu-user(33M) ubuntu-user(116M)
[2026-03-07 22:26:04] WS5-3                       Sat Mar  7 22:26:04 2026  570.211.01
[2026-03-07 22:26:04] [0] NVIDIA GeForce RTX 3090 | 57°C,   0 % | 11861 / 24576 MB | ubuntu-user(11512M) ubuntu-user(138M) ubuntu-user(25M) ubuntu-user(33M) ubuntu-user(116M)
[2026-03-07 22:26:05] WS5-3                       Sat Mar  7 22:26:05 2026  570.211.01
[2026-03-07 22:26:05] [0] NVIDIA GeForce RTX 3090 | 57°C,   5 % | 11861 / 24576 MB | ubuntu-user(11512M) ubuntu-user(138M) ubuntu-user(25M) ubuntu-user(33M) ubuntu-user(116M)
[2026-03-07 22:26:06] WS5-3                       Sat Mar  7 22:26:06 2026  570.211.01
[2026-03-07 22:26:06] [0] NVIDIA GeForce RTX 3090 | 52°C,   0 % | 11863 / 24576 MB | ubuntu-user(11512M) ubuntu-user(138M) ubuntu-user(25M) ubuntu-user(33M) ubuntu-user(118M)
[2026-03-07 22:26:07] WS5-3                       Sat Mar  7 22:26:07 2026  570.211.01
[2026-03-07 22:26:07] [0] NVIDIA GeForce RTX 3090 | 52°C,   0 % | 11863 / 24576 MB | ubuntu-user(11512M) ubuntu-user(138M) ubuntu-user(25M) ubuntu-user(33M) ubuntu-user(118M)
[2026-03-07 22:26:08] WS5-3                       Sat Mar  7 22:26:08 2026  570.211.01
[2026-03-07 22:26:08] [0] NVIDIA GeForce RTX 3090 | 51°C,   0 % | 11862 / 24576 MB | ubuntu-user(11512M) ubuntu-user(138M) ubuntu-user(25M) ubuntu-user(33M) ubuntu-user(117M)
[2026-03-07 22:26:09] WS5-3                       Sat Mar  7 22:26:09 2026  570.211.01
[2026-03-07 22:26:09] [0] NVIDIA GeForce RTX 3090 | 51°C,   0 % | 11861 / 24576 MB | ubuntu-user(11512M) ubuntu-user(138M) ubuntu-user(25M) ubuntu-user(33M) ubuntu-user(116M)
[2026-03-07 22:26:10] WS5-3                       Sat Mar  7 22:26:10 2026  570.211.01
[2026-03-07 22:26:10] [0] NVIDIA GeForce RTX 3090 | 51°C,   0 % | 11861 / 24576 MB | ubuntu-user(11512M) ubuntu-user(138M) ubuntu-user(25M) ubuntu-user(33M) ubuntu-user(116M)
[2026-03-07 22:26:11] WS5-3                       Sat Mar  7 22:26:11 2026  570.211.01
[2026-03-07 22:26:11] [0] NVIDIA GeForce RTX 3090 | 51°C,   0 % | 11861 / 24576 MB | ubuntu-user(11512M) ubuntu-user(138M) ubuntu-user(25M) ubuntu-user(33M) ubuntu-user(117M)
[2026-03-07 22:26:12] WS5-3                       Sat Mar  7 22:26:12 2026  570.211.01
[2026-03-07 22:26:12] [0] NVIDIA GeForce RTX 3090 | 51°C,   0 % | 11860 / 24576 MB | ubuntu-user(11512M) ubuntu-user(138M) ubuntu-user(25M) ubuntu-user(33M) ubuntu-user(115M)
[2026-03-07 22:26:13] WS5-3                       Sat Mar  7 22:26:13 2026  570.211.01
[2026-03-07 22:26:13] [0] NVIDIA GeForce RTX 3090 | 51°C,   5 % | 11865 / 24576 MB | ubuntu-user(11512M) ubuntu-user(138M) ubuntu-user(25M) ubuntu-user(33M) ubuntu-user(120M)
[2026-03-07 22:26:14] WS5-3                       Sat Mar  7 22:26:14 2026  570.211.01
[2026-03-07 22:26:14] [0] NVIDIA GeForce RTX 3090 | 51°C,   0 % | 11869 / 24576 MB | ubuntu-user(11512M) ubuntu-user(138M) ubuntu-user(25M) ubuntu-user(33M) ubuntu-user(124M)
[2026-03-07 22:26:15] WS5-3                       Sat Mar  7 22:26:15 2026  570.211.01
[2026-03-07 22:26:15] [0] NVIDIA GeForce RTX 3090 | 51°C,   4 % | 11869 / 24576 MB | ubuntu-user(11512M) ubuntu-user(138M) ubuntu-user(25M) ubuntu-user(33M) ubuntu-user(124M)
[2026-03-07 22:26:16] WS5-3                       Sat Mar  7 22:26:16 2026  570.211.01
[2026-03-07 22:26:16] [0] NVIDIA GeForce RTX 3090 | 51°C,  24 % | 11874 / 24576 MB | ubuntu-user(11512M) ubuntu-user(138M) ubuntu-user(25M) ubuntu-user(33M) ubuntu-user(129M)
[2026-03-07 22:26:17] WS5-3                       Sat Mar  7 22:26:17 2026  570.211.01
[2026-03-07 22:26:17] [0] NVIDIA GeForce RTX 3090 | 56°C,  43 % | 14782 / 24576 MB | ubuntu-user(14416M) ubuntu-user(138M) ubuntu-user(25M) ubuntu-user(33M) ubuntu-user(133M)
[2026-03-07 22:26:18] WS5-3                       Sat Mar  7 22:26:18 2026  570.211.01
[2026-03-07 22:26:18] [0] NVIDIA GeForce RTX 3090 | 57°C,  34 % | 14815 / 24576 MB | ubuntu-user(14416M) ubuntu-user(138M) ubuntu-user(25M) ubuntu-user(33M) ubuntu-user(166M)
[2026-03-07 22:26:19] WS5-3                       Sat Mar  7 22:26:19 2026  570.211.01
[2026-03-07 22:26:19] [0] NVIDIA GeForce RTX 3090 | 57°C,  31 % | 14815 / 24576 MB | ubuntu-user(14416M) ubuntu-user(138M) ubuntu-user(25M) ubuntu-user(33M) ubuntu-user(166M)
[2026-03-07 22:26:20] WS5-3                       Sat Mar  7 22:26:20 2026  570.211.01
[2026-03-07 22:26:20] [0] NVIDIA GeForce RTX 3090 | 57°C,  28 % | 14810 / 24576 MB | ubuntu-user(14416M) ubuntu-user(138M) ubuntu-user(25M) ubuntu-user(33M) ubuntu-user(161M)
[2026-03-07 22:26:21] WS5-3                       Sat Mar  7 22:26:21 2026  570.211.01
[2026-03-07 22:26:21] [0] NVIDIA GeForce RTX 3090 | 59°C,  86 % |  7005 / 24576 MB | ubuntu-user(6612M) ubuntu-user(138M) ubuntu-user(25M) ubuntu-user(33M) ubuntu-user(160M)
[2026-03-07 22:26:22] WS5-3                       Sat Mar  7 22:26:22 2026  570.211.01
[2026-03-07 22:26:22] [0] NVIDIA GeForce RTX 3090 | 64°C, 100 % | 11899 / 24576 MB | ubuntu-user(11536M) ubuntu-user(138M) ubuntu-user(25M) ubuntu-user(33M) ubuntu-user(164M)
[2026-03-07 22:26:23] WS5-3                       Sat Mar  7 22:26:23 2026  570.211.01
[2026-03-07 22:26:23] [0] NVIDIA GeForce RTX 3090 | 68°C,  98 % | 11526 / 24576 MB | ubuntu-user(11166M) ubuntu-user(138M) ubuntu-user(25M) ubuntu-user(33M) ubuntu-user(127M)
[2026-03-07 22:26:24] WS5-3                       Sat Mar  7 22:26:24 2026  570.211.01
[2026-03-07 22:26:24] [0] NVIDIA GeForce RTX 3090 | 68°C,  78 % | 10705 / 24576 MB | ubuntu-user(10352M) ubuntu-user(138M) ubuntu-user(25M) ubuntu-user(33M) ubuntu-user(120M)
[2026-03-07 22:26:25] WS5-3                       Sat Mar  7 22:26:25 2026  570.211.01
[2026-03-07 22:26:25] [0] NVIDIA GeForce RTX 3090 | 70°C,  99 % | 13737 / 24576 MB | ubuntu-user(13384M) ubuntu-user(138M) ubuntu-user(25M) ubuntu-user(33M) ubuntu-user(120M)
[2026-03-07 22:26:26] WS5-3                       Sat Mar  7 22:26:26 2026  570.211.01
[2026-03-07 22:26:26] [0] NVIDIA GeForce RTX 3090 | 70°C,  90 % | 10676 / 24576 MB | ubuntu-user(10306M) ubuntu-user(138M) ubuntu-user(25M) ubuntu-user(33M) ubuntu-user(138M)
[2026-03-07 22:26:27] WS5-3                       Sat Mar  7 22:26:27 2026  570.211.01
[2026-03-07 22:26:27] [0] NVIDIA GeForce RTX 3090 | 71°C,  98 % | 12488 / 24576 MB | ubuntu-user(12124M) ubuntu-user(138M) ubuntu-user(25M) ubuntu-user(33M) ubuntu-user(131M)
[2026-03-07 22:26:28] WS5-3                       Sat Mar  7 22:26:28 2026  570.211.01
[2026-03-07 22:26:28] [0] NVIDIA GeForce RTX 3090 | 73°C, 100 % | 13159 / 24576 MB | ubuntu-user(12790M) ubuntu-user(138M) ubuntu-user(25M) ubuntu-user(33M) ubuntu-user(136M)
[2026-03-07 22:26:29] WS5-3                       Sat Mar  7 22:26:29 2026  570.211.01
[2026-03-07 22:26:29] [0] NVIDIA GeForce RTX 3090 | 71°C,  51 % | 11935 / 24576 MB | ubuntu-user(11560M) ubuntu-user(138M) ubuntu-user(25M) ubuntu-user(33M) ubuntu-user(136M)
[2026-03-07 22:26:30] WS5-3                       Sat Mar  7 22:26:30 2026  570.211.01
[2026-03-07 22:26:30] [0] NVIDIA GeForce RTX 3090 | 73°C, 100 % | 12024 / 24576 MB | ubuntu-user(11656M) ubuntu-user(138M) ubuntu-user(25M) ubuntu-user(33M) ubuntu-user(135M)
[2026-03-07 22:26:31] WS5-3                       Sat Mar  7 22:26:31 2026  570.211.01
[2026-03-07 22:26:31] [0] NVIDIA GeForce RTX 3090 | 74°C, 100 % | 12163 / 24576 MB | ubuntu-user(11808M) ubuntu-user(138M) ubuntu-user(25M) ubuntu-user(33M) ubuntu-user(122M)
[2026-03-07 22:26:32] WS5-3                       Sat Mar  7 22:26:32 2026  570.211.01
[2026-03-07 22:26:32] [0] NVIDIA GeForce RTX 3090 | 74°C, 100 % | 10471 / 24576 MB | ubuntu-user(10110M) ubuntu-user(138M) ubuntu-user(25M) ubuntu-user(33M) ubuntu-user(128M)
[2026-03-07 22:26:33] WS5-3                       Sat Mar  7 22:26:33 2026  570.211.01
[2026-03-07 22:26:33] [0] NVIDIA GeForce RTX 3090 | 74°C, 100 % | 11907 / 24576 MB | ubuntu-user(11462M) ubuntu-user(138M) ubuntu-user(25M) ubuntu-user(33M) ubuntu-user(122M)
[2026-03-07 22:26:34] WS5-3                       Sat Mar  7 22:26:34 2026  570.211.01
[2026-03-07 22:26:34] [0] NVIDIA GeForce RTX 3090 | 76°C, 100 % | 13767 / 24576 MB | ubuntu-user(13412M) ubuntu-user(138M) ubuntu-user(25M) ubuntu-user(33M) ubuntu-user(122M)
[2026-03-07 22:26:35] WS5-3                       Sat Mar  7 22:26:35 2026  570.211.01
[2026-03-07 22:26:35] [0] NVIDIA GeForce RTX 3090 | 75°C,  98 % | 12199 / 24576 MB | ubuntu-user(11848M) ubuntu-user(138M) ubuntu-user(25M) ubuntu-user(33M) ubuntu-user(118M)
[2026-03-07 22:26:36] WS5-3                       Sat Mar  7 22:26:36 2026  570.211.01
[2026-03-07 22:26:36] [0] NVIDIA GeForce RTX 3090 | 74°C,  76 % | 10821 / 24576 MB | ubuntu-user(10472M) ubuntu-user(138M) ubuntu-user(25M) ubuntu-user(33M) ubuntu-user(116M)
[2026-03-07 22:26:37] WS5-3                       Sat Mar  7 22:26:37 2026  570.211.01
[2026-03-07 22:26:37] [0] NVIDIA GeForce RTX 3090 | 76°C,  98 % | 11787 / 24576 MB | ubuntu-user(11438M) ubuntu-user(138M) ubuntu-user(25M) ubuntu-user(33M) ubuntu-user(116M)
[2026-03-07 22:26:38] WS5-3                       Sat Mar  7 22:26:38 2026  570.211.01
[2026-03-07 22:26:38] [0] NVIDIA GeForce RTX 3090 | 76°C,  69 % | 10811 / 24576 MB | ubuntu-user(10468M) ubuntu-user(138M) ubuntu-user(25M) ubuntu-user(33M) ubuntu-user(111M)
[2026-03-07 22:26:39] WS5-3                       Sat Mar  7 22:26:39 2026  570.211.01
[2026-03-07 22:26:39] [0] NVIDIA GeForce RTX 3090 | 78°C, 100 % | 13563 / 24576 MB | ubuntu-user(13214M) ubuntu-user(138M) ubuntu-user(25M) ubuntu-user(33M) ubuntu-user(116M)
[2026-03-07 22:26:40] WS5-3                       Sat Mar  7 22:26:40 2026  570.211.01
[2026-03-07 22:26:40] [0] NVIDIA GeForce RTX 3090 | 77°C,  90 % | 10311 / 24576 MB | ubuntu-user(9962M) ubuntu-user(138M) ubuntu-user(25M) ubuntu-user(33M) ubuntu-user(117M)
[2026-03-07 22:26:41] WS5-3                       Sat Mar  7 22:26:41 2026  570.211.01
[2026-03-07 22:26:41] [0] NVIDIA GeForce RTX 3090 | 78°C,  98 % | 11666 / 24576 MB | ubuntu-user(11222M) ubuntu-user(138M) ubuntu-user(25M) ubuntu-user(33M) ubuntu-user(123M)
[2026-03-07 22:26:42] WS5-3                       Sat Mar  7 22:26:42 2026  570.211.01
[2026-03-07 22:26:42] [0] NVIDIA GeForce RTX 3090 | 79°C, 100 % | 12283 / 24576 MB | ubuntu-user(11926M) ubuntu-user(138M) ubuntu-user(25M) ubuntu-user(33M) ubuntu-user(124M)
[2026-03-07 22:26:43] WS5-3                       Sat Mar  7 22:26:43 2026  570.211.01
[2026-03-07 22:26:43] [0] NVIDIA GeForce RTX 3090 | 79°C, 100 % | 13476 / 24576 MB | ubuntu-user(13120M) ubuntu-user(138M) ubuntu-user(25M) ubuntu-user(33M) ubuntu-user(123M)
[2026-03-07 22:26:44] WS5-3                       Sat Mar  7 22:26:44 2026  570.211.01
[2026-03-07 22:26:44] [0] NVIDIA GeForce RTX 3090 | 79°C, 100 % | 11100 / 24576 MB | ubuntu-user(10746M) ubuntu-user(138M) ubuntu-user(25M) ubuntu-user(33M) ubuntu-user(121M)
[2026-03-07 22:26:45] WS5-3                       Sat Mar  7 22:26:45 2026  570.211.01
[2026-03-07 22:26:45] [0] NVIDIA GeForce RTX 3090 | 78°C,  81 % | 10174 / 24576 MB | ubuntu-user(9820M) ubuntu-user(138M) ubuntu-user(25M) ubuntu-user(33M) ubuntu-user(121M)
[2026-03-07 22:26:46] WS5-3                       Sat Mar  7 22:26:46 2026  570.211.01
[2026-03-07 22:26:46] [0] NVIDIA GeForce RTX 3090 | 81°C, 100 % | 12070 / 24576 MB | ubuntu-user(11732M) ubuntu-user(138M) ubuntu-user(25M) ubuntu-user(33M) ubuntu-user(105M)
[2026-03-07 22:26:47] WS5-3                       Sat Mar  7 22:26:47 2026  570.211.01
[2026-03-07 22:26:47] [0] NVIDIA GeForce RTX 3090 | 80°C, 100 % | 10450 / 24576 MB | ubuntu-user(10112M) ubuntu-user(138M) ubuntu-user(25M) ubuntu-user(33M) ubuntu-user(105M)
[2026-03-07 22:26:48] WS5-3                       Sat Mar  7 22:26:48 2026  570.211.01
[2026-03-07 22:26:48] [0] NVIDIA GeForce RTX 3090 | 81°C, 100 % | 12703 / 24576 MB | ubuntu-user(12362M) ubuntu-user(138M) ubuntu-user(25M) ubuntu-user(33M) ubuntu-user(108M)
[2026-03-07 22:26:49] WS5-3                       Sat Mar  7 22:26:49 2026  570.211.01
[2026-03-07 22:26:49] [0] NVIDIA GeForce RTX 3090 | 80°C, 100 % | 10337 / 24576 MB | ubuntu-user(9990M) ubuntu-user(138M) ubuntu-user(25M) ubuntu-user(33M) ubuntu-user(114M)
[2026-03-07 22:26:50] WS5-3                       Sat Mar  7 22:26:50 2026  570.211.01
[2026-03-07 22:26:50] [0] NVIDIA GeForce RTX 3090 | 80°C,  79 % | 10233 / 24576 MB | ubuntu-user(9886M) ubuntu-user(138M) ubuntu-user(25M) ubuntu-user(33M) ubuntu-user(114M)
[2026-03-07 22:26:51] WS5-3                       Sat Mar  7 22:26:51 2026  570.211.01
[2026-03-07 22:26:51] [0] NVIDIA GeForce RTX 3090 | 80°C,  99 % | 12447 / 24576 MB | ubuntu-user(12100M) ubuntu-user(138M) ubuntu-user(25M) ubuntu-user(33M) ubuntu-user(114M)
[2026-03-07 22:26:52] WS5-3                       Sat Mar  7 22:26:52 2026  570.211.01
[2026-03-07 22:26:52] [0] NVIDIA GeForce RTX 3090 | 80°C,  89 % | 10249 / 24576 MB | ubuntu-user(9904M) ubuntu-user(138M) ubuntu-user(25M) ubuntu-user(33M) ubuntu-user(112M)
[2026-03-07 22:26:53] WS5-3                       Sat Mar  7 22:26:53 2026  570.211.01
[2026-03-07 22:26:53] [0] NVIDIA GeForce RTX 3090 | 82°C, 100 % | 13154 / 24576 MB | ubuntu-user(12810M) ubuntu-user(138M) ubuntu-user(25M) ubuntu-user(33M) ubuntu-user(111M)
[2026-03-07 22:26:54] WS5-3                       Sat Mar  7 22:26:54 2026  570.211.01
[2026-03-07 22:26:54] [0] NVIDIA GeForce RTX 3090 | 81°C, 100 % | 13914 / 24576 MB | ubuntu-user(13572M) ubuntu-user(138M) ubuntu-user(25M) ubuntu-user(33M) ubuntu-user(109M)
[2026-03-07 22:26:55] WS5-3                       Sat Mar  7 22:26:55 2026  570.211.01
[2026-03-07 22:26:55] [0] NVIDIA GeForce RTX 3090 | 80°C,  80 % | 10252 / 24576 MB | ubuntu-user(9910M) ubuntu-user(138M) ubuntu-user(25M) ubuntu-user(33M) ubuntu-user(109M)
[2026-03-07 22:26:56] WS5-3                       Sat Mar  7 22:26:56 2026  570.211.01
[2026-03-07 22:26:56] [0] NVIDIA GeForce RTX 3090 | 81°C,  96 % | 11709 / 24576 MB | ubuntu-user(11352M) ubuntu-user(138M) ubuntu-user(25M) ubuntu-user(33M) ubuntu-user(125M)
[2026-03-07 22:26:57] WS5-3                       Sat Mar  7 22:26:57 2026  570.211.01
[2026-03-07 22:26:57] [0] NVIDIA GeForce RTX 3090 | 82°C, 100 % | 11406 / 24576 MB | ubuntu-user(11048M) ubuntu-user(138M) ubuntu-user(25M) ubuntu-user(33M) ubuntu-user(125M)
[2026-03-07 22:26:58] WS5-3                       Sat Mar  7 22:26:58 2026  570.211.01
[2026-03-07 22:26:58] [0] NVIDIA GeForce RTX 3090 | 82°C, 100 % | 13968 / 24576 MB | ubuntu-user(13610M) ubuntu-user(138M) ubuntu-user(25M) ubuntu-user(33M) ubuntu-user(125M)
[2026-03-07 22:26:59] WS5-3                       Sat Mar  7 22:26:59 2026  570.211.01
[2026-03-07 22:26:59] [0] NVIDIA GeForce RTX 3090 | 80°C,  90 % | 13467 / 24576 MB | ubuntu-user(13110M) ubuntu-user(138M) ubuntu-user(25M) ubuntu-user(33M) ubuntu-user(125M)
[2026-03-07 22:27:00] WS5-3                       Sat Mar  7 22:27:00 2026  570.211.01
[2026-03-07 22:27:00] [0] NVIDIA GeForce RTX 3090 | 81°C,  98 % | 10417 / 24576 MB | ubuntu-user(10060M) ubuntu-user(138M) ubuntu-user(25M) ubuntu-user(33M) ubuntu-user(125M)
[2026-03-07 22:27:01] WS5-3                       Sat Mar  7 22:27:01 2026  570.211.01
[2026-03-07 22:27:01] [0] NVIDIA GeForce RTX 3090 | 81°C,  82 % | 10715 / 24576 MB | ubuntu-user(10350M) ubuntu-user(138M) ubuntu-user(25M) ubuntu-user(33M) ubuntu-user(132M)
[2026-03-07 22:27:02] WS5-3                       Sat Mar  7 22:27:02 2026  570.211.01
[2026-03-07 22:27:02] [0] NVIDIA GeForce RTX 3090 | 83°C,  98 % | 11874 / 24576 MB | ubuntu-user(11516M) ubuntu-user(138M) ubuntu-user(25M) ubuntu-user(33M) ubuntu-user(125M)
[2026-03-07 22:27:03] WS5-3                       Sat Mar  7 22:27:03 2026  570.211.01
[2026-03-07 22:27:03] [0] NVIDIA GeForce RTX 3090 | 83°C, 100 % | 11886 / 24576 MB | ubuntu-user(11530M) ubuntu-user(138M) ubuntu-user(25M) ubuntu-user(33M) ubuntu-user(123M)
[2026-03-07 22:27:04] WS5-3                       Sat Mar  7 22:27:04 2026  570.211.01
[2026-03-07 22:27:04] [0] NVIDIA GeForce RTX 3090 | 82°C, 100 % | 13076 / 24576 MB | ubuntu-user(12718M) ubuntu-user(138M) ubuntu-user(25M) ubuntu-user(33M) ubuntu-user(125M)
[2026-03-07 22:27:05] WS5-3                       Sat Mar  7 22:27:05 2026  570.211.01
[2026-03-07 22:27:05] [0] NVIDIA GeForce RTX 3090 | 82°C, 100 % | 10254 / 24576 MB | ubuntu-user(9896M) ubuntu-user(138M) ubuntu-user(25M) ubuntu-user(33M) ubuntu-user(125M)
[2026-03-07 22:27:06] WS5-3                       Sat Mar  7 22:27:06 2026  570.211.01
[2026-03-07 22:27:06] [0] NVIDIA GeForce RTX 3090 | 82°C, 100 % | 13894 / 24576 MB | ubuntu-user(13544M) ubuntu-user(138M) ubuntu-user(25M) ubuntu-user(33M) ubuntu-user(117M)
[2026-03-07 22:27:07] WS5-3                       Sat Mar  7 22:27:07 2026  570.211.01
[2026-03-07 22:27:07] [0] NVIDIA GeForce RTX 3090 | 81°C,  76 % | 11954 / 24576 MB | ubuntu-user(11604M) ubuntu-user(138M) ubuntu-user(25M) ubuntu-user(33M) ubuntu-user(117M)
[2026-03-07 22:27:08] WS5-3                       Sat Mar  7 22:27:08 2026  570.211.01
[2026-03-07 22:27:08] [0] NVIDIA GeForce RTX 3090 | 81°C, 100 % | 10454 / 24576 MB | ubuntu-user(10104M) ubuntu-user(138M) ubuntu-user(25M) ubuntu-user(33M) ubuntu-user(117M)
[2026-03-07 22:27:09] WS5-3                       Sat Mar  7 22:27:09 2026  570.211.01
[2026-03-07 22:27:09] [0] NVIDIA GeForce RTX 3090 | 81°C, 100 % | 10185 / 24576 MB | ubuntu-user(9836M) ubuntu-user(138M) ubuntu-user(25M) ubuntu-user(33M) ubuntu-user(117M)
[2026-03-07 22:27:10] WS5-3                       Sat Mar  7 22:27:10 2026  570.211.01
[2026-03-07 22:27:10] [0] NVIDIA GeForce RTX 3090 | 83°C,  99 % | 13965 / 24576 MB | ubuntu-user(13614M) ubuntu-user(138M) ubuntu-user(25M) ubuntu-user(33M) ubuntu-user(123M)
[2026-03-07 22:27:11] WS5-3                       Sat Mar  7 22:27:11 2026  570.211.01
[2026-03-07 22:27:11] [0] NVIDIA GeForce RTX 3090 | 81°C,  92 % | 12046 / 24576 MB | ubuntu-user(11686M) ubuntu-user(138M) ubuntu-user(25M) ubuntu-user(33M) ubuntu-user(127M)
[2026-03-07 22:27:12] WS5-3                       Sat Mar  7 22:27:12 2026  570.211.01
[2026-03-07 22:27:12] [0] NVIDIA GeForce RTX 3090 | 82°C,  98 % | 11515 / 24576 MB | ubuntu-user(11160M) ubuntu-user(138M) ubuntu-user(25M) ubuntu-user(33M) ubuntu-user(122M)
[2026-03-07 22:27:13] WS5-3                       Sat Mar  7 22:27:13 2026  570.211.01
[2026-03-07 22:27:13] [0] NVIDIA GeForce RTX 3090 | 82°C, 100 % | 13890 / 24576 MB | ubuntu-user(13534M) ubuntu-user(138M) ubuntu-user(25M) ubuntu-user(33M) ubuntu-user(124M)
[2026-03-07 22:27:14] WS5-3                       Sat Mar  7 22:27:14 2026  570.211.01
[2026-03-07 22:27:14] [0] NVIDIA GeForce RTX 3090 | 82°C, 100 % | 12399 / 24576 MB | ubuntu-user(12040M) ubuntu-user(138M) ubuntu-user(25M) ubuntu-user(33M) ubuntu-user(126M)
[2026-03-07 22:27:15] WS5-3                       Sat Mar  7 22:27:15 2026  570.211.01
[2026-03-07 22:27:15] [0] NVIDIA GeForce RTX 3090 | 82°C, 100 % | 13910 / 24576 MB | ubuntu-user(13552M) ubuntu-user(138M) ubuntu-user(25M) ubuntu-user(33M) ubuntu-user(125M)
[2026-03-07 22:27:16] WS5-3                       Sat Mar  7 22:27:16 2026  570.211.01
[2026-03-07 22:27:16] [0] NVIDIA GeForce RTX 3090 | 81°C, 100 % | 13803 / 24576 MB | ubuntu-user(13448M) ubuntu-user(138M) ubuntu-user(25M) ubuntu-user(33M) ubuntu-user(122M)
[2026-03-07 22:27:17] WS5-3                       Sat Mar  7 22:27:17 2026  570.211.01
[2026-03-07 22:27:17] [0] NVIDIA GeForce RTX 3090 | 81°C, 100 % | 13259 / 24576 MB | ubuntu-user(12902M) ubuntu-user(138M) ubuntu-user(25M) ubuntu-user(33M) ubuntu-user(124M)
[2026-03-07 22:27:18] WS5-3                       Sat Mar  7 22:27:18 2026  570.211.01
[2026-03-07 22:27:18] [0] NVIDIA GeForce RTX 3090 | 82°C, 100 % | 13845 / 24576 MB | ubuntu-user(13490M) ubuntu-user(138M) ubuntu-user(25M) ubuntu-user(33M) ubuntu-user(122M)
[2026-03-07 22:27:19] WS5-3                       Sat Mar  7 22:27:19 2026  570.211.01
[2026-03-07 22:27:19] [0] NVIDIA GeForce RTX 3090 | 82°C, 100 % | 10397 / 24576 MB | ubuntu-user(10056M) ubuntu-user(138M) ubuntu-user(25M) ubuntu-user(33M) ubuntu-user(108M)
[2026-03-07 22:27:20] WS5-3                       Sat Mar  7 22:27:20 2026  570.211.01
[2026-03-07 22:27:20] [0] NVIDIA GeForce RTX 3090 | 82°C, 100 % | 12382 / 24576 MB | ubuntu-user(12032M) ubuntu-user(138M) ubuntu-user(25M) ubuntu-user(33M) ubuntu-user(117M)
[2026-03-07 22:27:21] WS5-3                       Sat Mar  7 22:27:21 2026  570.211.01
[2026-03-07 22:27:21] [0] NVIDIA GeForce RTX 3090 | 83°C, 100 % | 11959 / 24576 MB | ubuntu-user(11608M) ubuntu-user(138M) ubuntu-user(25M) ubuntu-user(33M) ubuntu-user(119M)
[2026-03-07 22:27:22] WS5-3                       Sat Mar  7 22:27:22 2026  570.211.01
[2026-03-07 22:27:22] [0] NVIDIA GeForce RTX 3090 | 81°C, 100 % | 12515 / 24576 MB | ubuntu-user(12164M) ubuntu-user(138M) ubuntu-user(25M) ubuntu-user(33M) ubuntu-user(118M)
[2026-03-07 22:27:23] WS5-3                       Sat Mar  7 22:27:23 2026  570.211.01
[2026-03-07 22:27:23] [0] NVIDIA GeForce RTX 3090 | 80°C, 100 % | 10261 / 24576 MB | ubuntu-user(9910M) ubuntu-user(138M) ubuntu-user(25M) ubuntu-user(33M) ubuntu-user(118M)
[2026-03-07 22:27:24] WS5-3                       Sat Mar  7 22:27:24 2026  570.211.01
[2026-03-07 22:27:24] [0] NVIDIA GeForce RTX 3090 | 82°C,  99 % | 13989 / 24576 MB | ubuntu-user(13642M) ubuntu-user(138M) ubuntu-user(25M) ubuntu-user(33M) ubuntu-user(114M)
[2026-03-07 22:27:25] WS5-3                       Sat Mar  7 22:27:25 2026  570.211.01
[2026-03-07 22:27:25] [0] NVIDIA GeForce RTX 3090 | 82°C, 100 % | 12373 / 24576 MB | ubuntu-user(12026M) ubuntu-user(138M) ubuntu-user(25M) ubuntu-user(33M) ubuntu-user(115M)
[2026-03-07 22:27:26] WS5-3                       Sat Mar  7 22:27:26 2026  570.211.01
[2026-03-07 22:27:26] [0] NVIDIA GeForce RTX 3090 | 83°C, 100 % | 11540 / 24576 MB | ubuntu-user(11188M) ubuntu-user(138M) ubuntu-user(25M) ubuntu-user(33M) ubuntu-user(119M)
[2026-03-07 22:27:27] WS5-3                       Sat Mar  7 22:27:27 2026  570.211.01
[2026-03-07 22:27:27] [0] NVIDIA GeForce RTX 3090 | 82°C,  68 % | 10544 / 24576 MB | ubuntu-user(10192M) ubuntu-user(138M) ubuntu-user(25M) ubuntu-user(33M) ubuntu-user(119M)
